id,moduleId,examRoomId,professorId,sessionDate,startTime,endTime,duration,type
1,2,2,2,2025-06-02,10:00,12:00,120,TP
2,3,3,3,2025-06-03,13:00,15:00,120,Oral
3,4,4,4,2025-06-04,15:00,17:00,120,Ecrit
4,5,1,5,2025-06-05,08:00,10:00,120,TP
5,6,2,1,2025-06-06,10:00,12:00,120,Oral
6,7,3,2,2025-06-07,13:00,15:00,120,Ecrit
7,8,4,3,2025-06-08,15:00,17:00,120,TP
8,9,1,4,2025-06-09,08:00,10:00,120,Oral
9,10,2,5,2025-06-10,10:00,12:00,120,Ecrit
10,11,3,1,2025-06-11,13:00,15:00,120,TP
11,12,4,2,2025-06-12,15:00,17:00,120,Oral
12,13,1,3,2025-06-13,08:00,10:00,120,Ecrit
13,14,2,4,2025-06-14,10:00,12:00,120,TP
14,15,3,5,2025-06-01,13:00,15:00,120,Oral
15,16,4,1,2025-06-02,15:00,17:00,120,Ecrit
16,17,1,2,2025-06-03,08:00,10:00,120,TP
17,18,2,3,2025-06-04,10:00,12:00,120,Oral
18,19,3,4,2025-06-05,13:00,15:00,120,Ecrit
19,20,4,5,2025-06-06,15:00,17:00,120,TP
20,21,1,1,2025-06-07,08:00,10:00,120,Oral
21,22,2,2,2025-06-08,10:00,12:00,120,Ecrit
22,23,3,3,2025-06-09,13:00,15:00,120,TP
23,24,4,4,2025-06-10,15:00,17:00,120,Oral
24,25,1,5,2025-06-11,08:00,10:00,120,Ecrit
25,26,2,1,2025-06-12,10:00,12:00,120,TP
26,27,3,2,2025-06-13,13:00,15:00,120,Oral
27,28,4,3,2025-06-14,15:00,17:00,120,Ecrit
28,29,1,4,2025-06-01,08:00,10:00,120,TP
29,30,2,5,2025-06-02,10:00,12:00,120,Oral
30,31,3,1,2025-06-03,13:00,15:00,120,Ecrit
31,32,4,2,2025-06-04,15:00,17:00,120,TP
32,33,1,3,2025-06-05,08:00,10:00,120,Oral
33,34,2,4,2025-06-06,10:00,12:00,120,Ecrit
34,35,3,5,2025-06-07,13:00,15:00,120,TP
35,36,4,1,2025-06-08,15:00,17:00,120,Oral
36,37,1,2,2025-06-09,08:00,10:00,120,Ecrit
37,38,2,3,2025-06-10,10:00,12:00,120,TP
38,39,3,4,2025-06-11,13:00,15:00,120,Oral
39,40,4,5,2025-06-12,15:00,17:00,120,Ecrit
40,41,1,1,2025-06-13,08:00,10:00,120,TP
41,42,2,2,2025-06-14,10:00,12:00,120,Oral
42,43,3,3,2025-06-01,13:00,15:00,120,Ecrit
43,44,4,4,2025-06-02,15:00,17:00,120,TP
44,45,1,5,2025-06-03,08:00,10:00,120,Oral
45,46,2,1,2025-06-04,10:00,12:00,120,Ecrit
46,47,3,2,2025-06-05,13:00,15:00,120,TP
47,48,4,3,2025-06-06,15:00,17:00,120,Oral
48,49,1,4,2025-06-07,08:00,10:00,120,Ecrit
49,50,2,5,2025-06-08,10:00,12:00,120,TP
50,51,3,1,2025-06-09,13:00,15:00,120,Oral
51,52,4,2,2025-06-10,15:00,17:00,120,Ecrit
52,53,1,3,2025-06-11,08:00,10:00,120,TP
53,54,2,4,2025-06-12,10:00,12:00,120,Oral
54,55,3,5,2025-06-13,13:00,15:00,120,Ecrit
55,56,4,1,2025-06-14,15:00,17:00,120,TP
56,57,1,2,2025-06-01,08:00,10:00,120,Oral
57,58,2,3,2025-06-02,10:00,12:00,120,Ecrit
58,59,3,4,2025-06-03,13:00,15:00,120,TP
59,60,4,5,2025-06-04,15:00,17:00,120,Oral
60,61,1,1,2025-06-05,08:00,10:00,120,Ecrit
61,62,2,2,2025-06-06,10:00,12:00,120,TP
62,63,3,3,2025-06-07,13:00,15:00,120,Oral
63,64,4,4,2025-06-08,15:00,17:00,120,Ecrit
64,65,1,5,2025-06-09,08:00,10:00,120,TP
65,66,2,1,2025-06-10,10:00,12:00,120,Oral
66,67,3,2,2025-06-11,13:00,15:00,120,Ecrit
67,68,4,3,2025-06-12,15:00,17:00,120,TP
68,69,1,4,2025-06-13,08:00,10:00,120,Oral
69,70,2,5,2025-06-14,10:00,12:00,120,Ecrit
70,71,3,1,2025-06-01,13:00,15:00,120,TP
71,72,4,2,2025-06-02,15:00,17:00,120,Oral
72,73,1,3,2025-06-03,08:00,10:00,120,Ecrit
73,74,2,4,2025-06-04,10:00,12:00,120,TP
74,75,3,5,2025-06-05,13:00,15:00,120,Oral
75,76,4,1,2025-06-06,15:00,17:00,120,Ecrit
76,77,1,2,2025-06-07,08:00,10:00,120,TP
77,78,2,3,2025-06-08,10:00,12:00,120,Oral
78,79,3,4,2025-06-09,13:00,15:00,120,Ecrit
79,80,4,5,2025-06-10,15:00,17:00,120,TP
80,81,1,1,2025-06-11,08:00,10:00,120,Oral
81,82,2,2,2025-06-12,10:00,12:00,120,Ecrit
82,83,3,3,2025-06-13,13:00,15:00,120,TP
83,84,4,4,2025-06-14,15:00,17:00,120,Oral
84,85,1,5,2025-06-01,08:00,10:00,120,Ecrit
85,86,2,1,2025-06-02,10:00,12:00,120,TP
86,87,3,2,2025-06-03,13:00,15:00,120,Oral
87,88,4,3,2025-06-04,15:00,17:00,120,Ecrit
88,89,1,4,2025-06-05,08:00,10:00,120,TP
89,90,2,5,2025-06-06,10:00,12:00,120,Oral
90,91,3,1,2025-06-07,13:00,15:00,120,Ecrit
91,92,4,2,2025-06-08,15:00,17:00,120,TP
92,93,1,3,2025-06-09,08:00,10:00,120,Oral
93,94,2,4,2025-06-10,10:00,12:00,120,Ecrit
94,95,3,5,2025-06-11,13:00,15:00,120,TP
95,96,4,1,2025-06-12,15:00,17:00,120,Oral
96,97,1,2,2025-06-13,08:00,10:00,120,Ecrit
97,98,2,3,2025-06-14,10:00,12:00,120,TP
98,99,3,4,2025-06-01,13:00,15:00,120,Oral
99,100,4,5,2025-06-02,15:00,17:00,120,Ecrit
100,101,1,1,2025-06-03,08:00,10:00,120,TP
101,102,2,2,2025-06-04,10:00,12:00,120,Oral
102,103,3,3,2025-06-05,13:00,15:00,120,Ecrit
103,104,4,4,2025-06-06,15:00,17:00,120,TP
104,105,1,5,2025-06-07,08:00,10:00,120,Oral
105,106,2,1,2025-06-08,10:00,12:00,120,Ecrit
106,107,3,2,2025-06-09,13:00,15:00,120,TP
107,108,4,3,2025-06-10,15:00,17:00,120,Oral
108,109,1,4,2025-06-11,08:00,10:00,120,Ecrit
109,110,2,5,2025-06-12,10:00,12:00,120,TP
110,111,3,1,2025-06-13,13:00,15:00,120,Oral
111,112,4,2,2025-06-14,15:00,17:00,120,Ecrit
112,113,1,3,2025-06-01,08:00,10:00,120,TP
113,114,2,4,2025-06-02,10:00,12:00,120,Oral
114,115,3,5,2025-06-03,13:00,15:00,120,Ecrit
115,116,4,1,2025-06-04,15:00,17:00,120,TP
116,117,1,2,2025-06-05,08:00,10:00,120,Oral
117,118,2,3,2025-06-06,10:00,12:00,120,Ecrit
118,119,3,4,2025-06-07,13:00,15:00,120,TP
119,120,4,5,2025-06-08,15:00,17:00,120,Oral
120,121,1,1,2025-06-09,08:00,10:00,120,Ecrit
121,122,2,2,2025-06-10,10:00,12:00,120,TP
122,123,3,3,2025-06-11,13:00,15:00,120,Oral
123,124,4,4,2025-06-12,15:00,17:00,120,Ecrit
124,125,1,5,2025-06-13,08:00,10:00,120,TP
125,126,2,1,2025-06-14,10:00,12:00,120,Oral
126,127,3,2,2025-06-01,13:00,15:00,120,Ecrit
127,128,4,3,2025-06-02,15:00,17:00,120,TP
128,129,1,4,2025-06-03,08:00,10:00,120,Oral
129,130,2,5,2025-06-04,10:00,12:00,120,Ecrit
130,131,3,1,2025-06-05,13:00,15:00,120,TP
131,132,4,2,2025-06-06,15:00,17:00,120,Oral
132,133,1,3,2025-06-07,08:00,10:00,120,Ecrit
133,134,2,4,2025-06-08,10:00,12:00,120,TP
134,135,3,5,2025-06-09,13:00,15:00,120,Oral
135,136,4,1,2025-06-10,15:00,17:00,120,Ecrit
136,137,1,2,2025-06-11,08:00,10:00,120,TP
137,138,2,3,2025-06-12,10:00,12:00,120,Oral
138,139,3,4,2025-06-13,13:00,15:00,120,Ecrit
139,140,4,5,2025-06-14,15:00,17:00,120,TP
140,141,1,1,2025-06-01,08:00,10:00,120,Oral
141,142,2,2,2025-06-02,10:00,12:00,120,Ecrit
142,143,3,3,2025-06-03,13:00,15:00,120,TP
143,144,4,4,2025-06-04,15:00,17:00,120,Oral
144,145,1,5,2025-06-05,08:00,10:00,120,Ecrit
145,146,2,1,2025-06-06,10:00,12:00,120,TP
146,147,3,2,2025-06-07,13:00,15:00,120,Oral
147,148,4,3,2025-06-08,15:00,17:00,120,Ecrit
148,149,1,4,2025-06-09,08:00,10:00,120,TP
149,150,2,5,2025-06-10,10:00,12:00,120,Oral
150,151,3,1,2025-06-11,13:00,15:00,120,Ecrit
151,152,4,2,2025-06-12,15:00,17:00,120,TP
152,153,1,3,2025-06-13,08:00,10:00,120,Oral
153,154,2,4,2025-06-14,10:00,12:00,120,Ecrit
154,155,3,5,2025-06-01,13:00,15:00,120,TP
155,156,4,1,2025-06-02,15:00,17:00,120,Oral
156,157,1,2,2025-06-03,08:00,10:00,120,Ecrit
157,158,2,3,2025-06-04,10:00,12:00,120,TP
158,159,3,4,2025-06-05,13:00,15:00,120,Oral
159,160,4,5,2025-06-06,15:00,17:00,120,Ecrit
160,161,1,1,2025-06-07,08:00,10:00,120,TP
161,162,2,2,2025-06-08,10:00,12:00,120,Oral
162,163,3,3,2025-06-09,13:00,15:00,120,Ecrit
163,164,4,4,2025-06-10,15:00,17:00,120,TP
164,165,1,5,2025-06-11,08:00,10:00,120,Oral
165,166,2,1,2025-06-12,10:00,12:00,120,Ecrit
166,167,3,2,2025-06-13,13:00,15:00,120,TP
167,168,4,3,2025-06-14,15:00,17:00,120,Oral
168,169,1,4,2025-06-01,08:00,10:00,120,Ecrit
169,170,2,5,2025-06-02,10:00,12:00,120,TP
170,171,3,1,2025-06-03,13:00,15:00,120,Oral
171,172,4,2,2025-06-04,15:00,17:00,120,Ecrit
172,173,1,3,2025-06-05,08:00,10:00,120,TP
173,174,2,4,2025-06-06,10:00,12:00,120,Oral
174,175,3,5,2025-06-07,13:00,15:00,120,Ecrit
175,176,4,1,2025-06-08,15:00,17:00,120,TP
176,177,1,2,2025-06-09,08:00,10:00,120,Oral
177,178,2,3,2025-06-10,10:00,12:00,120,Ecrit
178,179,3,4,2025-06-11,13:00,15:00,120,TP
179,180,4,5,2025-06-12,15:00,17:00,120,Oral
180,1,1,1,2025-06-13,08:00,10:00,120,Ecrit
181,2,2,2,2025-06-14,10:00,12:00,120,TP
182,3,3,3,2025-06-01,13:00,15:00,120,Oral
183,4,4,4,2025-06-02,15:00,17:00,120,Ecrit
184,5,1,5,2025-06-03,08:00,10:00,120,TP
185,6,2,1,2025-06-04,10:00,12:00,120,Oral
186,7,3,2,2025-06-05,13:00,15:00,120,Ecrit
187,8,4,3,2025-06-06,15:00,17:00,120,TP
188,9,1,4,2025-06-07,08:00,10:00,120,Oral
189,10,2,5,2025-06-08,10:00,12:00,120,Ecrit
190,11,3,1,2025-06-09,13:00,15:00,120,TP
191,12,4,2,2025-06-10,15:00,17:00,120,Oral
192,13,1,3,2025-06-11,08:00,10:00,120,Ecrit
193,14,2,4,2025-06-12,10:00,12:00,120,TP
194,15,3,5,2025-06-13,13:00,15:00,120,Oral
195,16,4,1,2025-06-14,15:00,17:00,120,Ecrit
196,17,1,2,2025-06-01,08:00,10:00,120,TP
197,18,2,3,2025-06-02,10:00,12:00,120,Oral
198,19,3,4,2025-06-03,13:00,15:00,120,Ecrit
199,20,4,5,2025-06-04,15:00,17:00,120,TP
200,21,1,1,2025-06-05,08:00,10:00,120,Oral
201,22,2,2,2025-06-06,10:00,12:00,120,Ecrit
202,23,3,3,2025-06-07,13:00,15:00,120,TP
203,24,4,4,2025-06-08,15:00,17:00,120,Oral
204,25,1,5,2025-06-09,08:00,10:00,120,Ecrit
205,26,2,1,2025-06-10,10:00,12:00,120,TP
206,27,3,2,2025-06-11,13:00,15:00,120,Oral
207,28,4,3,2025-06-12,15:00,17:00,120,Ecrit
208,29,1,4,2025-06-13,08:00,10:00,120,TP
209,30,2,5,2025-06-14,10:00,12:00,120,Oral
210,31,3,1,2025-06-01,13:00,15:00,120,Ecrit
211,32,4,2,2025-06-02,15:00,17:00,120,TP
212,33,1,3,2025-06-03,08:00,10:00,120,Oral
213,34,2,4,2025-06-04,10:00,12:00,120,Ecrit
214,35,3,5,2025-06-05,13:00,15:00,120,TP
215,36,4,1,2025-06-06,15:00,17:00,120,Oral
216,37,1,2,2025-06-07,08:00,10:00,120,Ecrit
217,38,2,3,2025-06-08,10:00,12:00,120,TP
218,39,3,4,2025-06-09,13:00,15:00,120,Oral
219,40,4,5,2025-06-10,15:00,17:00,120,Ecrit
220,41,1,1,2025-06-11,08:00,10:00,120,TP
221,42,2,2,2025-06-12,10:00,12:00,120,Oral
222,43,3,3,2025-06-13,13:00,15:00,120,Ecrit
223,44,4,4,2025-06-14,15:00,17:00,120,TP
224,45,1,5,2025-06-01,08:00,10:00,120,Oral
225,46,2,1,2025-06-02,10:00,12:00,120,Ecrit
226,47,3,2,2025-06-03,13:00,15:00,120,TP
227,48,4,3,2025-06-04,15:00,17:00,120,Oral
228,49,1,4,2025-06-05,08:00,10:00,120,Ecrit
229,50,2,5,2025-06-06,10:00,12:00,120,TP
230,51,3,1,2025-06-07,13:00,15:00,120,Oral
231,52,4,2,2025-06-08,15:00,17:00,120,Ecrit
232,53,1,3,2025-06-09,08:00,10:00,120,TP
233,54,2,4,2025-06-10,10:00,12:00,120,Oral
234,55,3,5,2025-06-11,13:00,15:00,120,Ecrit
235,56,4,1,2025-06-12,15:00,17:00,120,TP
236,57,1,2,2025-06-13,08:00,10:00,120,Oral
237,58,2,3,2025-06-14,10:00,12:00,120,Ecrit
238,59,3,4,2025-06-01,13:00,15:00,120,TP
239,60,4,5,2025-06-02,15:00,17:00,120,Oral
240,61,1,1,2025-06-03,08:00,10:00,120,Ecrit
241,62,2,2,2025-06-04,10:00,12:00,120,TP
242,63,3,3,2025-06-05,13:00,15:00,120,Oral
243,64,4,4,2025-06-06,15:00,17:00,120,Ecrit
244,65,1,5,2025-06-07,08:00,10:00,120,TP
245,66,2,1,2025-06-08,10:00,12:00,120,Oral
246,67,3,2,2025-06-09,13:00,15:00,120,Ecrit
247,68,4,3,2025-06-10,15:00,17:00,120,TP
248,69,1,4,2025-06-11,08:00,10:00,120,Oral
249,70,2,5,2025-06-12,10:00,12:00,120,Ecrit
250,71,3,1,2025-06-13,13:00,15:00,120,TP
251,72,4,2,2025-06-14,15:00,17:00,120,Oral
252,73,1,3,2025-06-01,08:00,10:00,120,Ecrit
253,74,2,4,2025-06-02,10:00,12:00,120,TP
254,75,3,5,2025-06-03,13:00,15:00,120,Oral
255,76,4,1,2025-06-04,15:00,17:00,120,Ecrit
256,77,1,2,2025-06-05,08:00,10:00,120,TP
257,78,2,3,2025-06-06,10:00,12:00,120,Oral
258,79,3,4,2025-06-07,13:00,15:00,120,Ecrit
259,80,4,5,2025-06-08,15:00,17:00,120,TP
260,81,1,1,2025-06-09,08:00,10:00,120,Oral
261,82,2,2,2025-06-10,10:00,12:00,120,Ecrit
262,83,3,3,2025-06-11,13:00,15:00,120,TP
263,84,4,4,2025-06-12,15:00,17:00,120,Oral
264,85,1,5,2025-06-13,08:00,10:00,120,Ecrit
265,86,2,1,2025-06-14,10:00,12:00,120,TP
266,87,3,2,2025-06-01,13:00,15:00,120,Oral
267,88,4,3,2025-06-02,15:00,17:00,120,Ecrit
268,89,1,4,2025-06-03,08:00,10:00,120,TP
269,90,2,5,2025-06-04,10:00,12:00,120,Oral
270,91,3,1,2025-06-05,13:00,15:00,120,Ecrit
271,92,4,2,2025-06-06,15:00,17:00,120,TP
272,93,1,3,2025-06-07,08:00,10:00,120,Oral
273,94,2,4,2025-06-08,10:00,12:00,120,Ecrit
274,95,3,5,2025-06-09,13:00,15:00,120,TP
275,96,4,1,2025-06-10,15:00,17:00,120,Oral
276,97,1,2,2025-06-11,08:00,10:00,120,Ecrit
277,98,2,3,2025-06-12,10:00,12:00,120,TP
278,99,3,4,2025-06-13,13:00,15:00,120,Oral
279,100,4,5,2025-06-14,15:00,17:00,120,Ecrit
280,101,1,1,2025-06-01,08:00,10:00,120,TP
281,102,2,2,2025-06-02,10:00,12:00,120,Oral
282,103,3,3,2025-06-03,13:00,15:00,120,Ecrit
283,104,4,4,2025-06-04,15:00,17:00,120,TP
284,105,1,5,2025-06-05,08:00,10:00,120,Oral
285,106,2,1,2025-06-06,10:00,12:00,120,Ecrit
286,107,3,2,2025-06-07,13:00,15:00,120,TP
287,108,4,3,2025-06-08,15:00,17:00,120,Oral
288,109,1,4,2025-06-09,08:00,10:00,120,Ecrit
289,110,2,5,2025-06-10,10:00,12:00,120,TP
290,111,3,1,2025-06-11,13:00,15:00,120,Oral
291,112,4,2,2025-06-12,15:00,17:00,120,Ecrit
292,113,1,3,2025-06-13,08:00,10:00,120,TP
293,114,2,4,2025-06-14,10:00,12:00,120,Oral
294,115,3,5,2025-06-01,13:00,15:00,120,Ecrit
295,116,4,1,2025-06-02,15:00,17:00,120,TP
296,117,1,2,2025-06-03,08:00,10:00,120,Oral
297,118,2,3,2025-06-04,10:00,12:00,120,Ecrit
298,119,3,4,2025-06-05,13:00,15:00,120,TP
299,120,4,5,2025-06-06,15:00,17:00,120,Oral
300,121,1,1,2025-06-07,08:00,10:00,120,Ecrit
301,122,2,2,2025-06-08,10:00,12:00,120,TP
302,123,3,3,2025-06-09,13:00,15:00,120,Oral
303,124,4,4,2025-06-10,15:00,17:00,120,Ecrit
304,125,1,5,2025-06-11,08:00,10:00,120,TP
305,126,2,1,2025-06-12,10:00,12:00,120,Oral
306,127,3,2,2025-06-13,13:00,15:00,120,Ecrit
307,128,4,3,2025-06-14,15:00,17:00,120,TP
308,129,1,4,2025-06-01,08:00,10:00,120,Oral
309,130,2,5,2025-06-02,10:00,12:00,120,Ecrit
310,131,3,1,2025-06-03,13:00,15:00,120,TP
311,132,4,2,2025-06-04,15:00,17:00,120,Oral
312,133,1,3,2025-06-05,08:00,10:00,120,Ecrit
313,134,2,4,2025-06-06,10:00,12:00,120,TP
314,135,3,5,2025-06-07,13:00,15:00,120,Oral
315,136,4,1,2025-06-08,15:00,17:00,120,Ecrit
316,137,1,2,2025-06-09,08:00,10:00,120,TP
317,138,2,3,2025-06-10,10:00,12:00,120,Oral
318,139,3,4,2025-06-11,13:00,15:00,120,Ecrit
319,140,4,5,2025-06-12,15:00,17:00,120,TP
320,141,1,1,2025-06-13,08:00,10:00,120,Oral
321,142,2,2,2025-06-14,10:00,12:00,120,Ecrit
322,143,3,3,2025-06-01,13:00,15:00,120,TP
323,144,4,4,2025-06-02,15:00,17:00,120,Oral
324,145,1,5,2025-06-03,08:00,10:00,120,Ecrit
325,146,2,1,2025-06-04,10:00,12:00,120,TP
326,147,3,2,2025-06-05,13:00,15:00,120,Oral
327,148,4,3,2025-06-06,15:00,17:00,120,Ecrit
328,149,1,4,2025-06-07,08:00,10:00,120,TP
329,150,2,5,2025-06-08,10:00,12:00,120,Oral
330,151,3,1,2025-06-09,13:00,15:00,120,Ecrit
331,152,4,2,2025-06-10,15:00,17:00,120,TP
332,153,1,3,2025-06-11,08:00,10:00,120,Oral
333,154,2,4,2025-06-12,10:00,12:00,120,Ecrit
334,155,3,5,2025-06-13,13:00,15:00,120,TP
335,156,4,1,2025-06-14,15:00,17:00,120,Oral
336,157,1,2,2025-06-01,08:00,10:00,120,Ecrit
337,158,2,3,2025-06-02,10:00,12:00,120,TP
338,159,3,4,2025-06-03,13:00,15:00,120,Oral
339,160,4,5,2025-06-04,15:00,17:00,120,Ecrit
340,161,1,1,2025-06-05,08:00,10:00,120,TP
341,162,2,2,2025-06-06,10:00,12:00,120,Oral
342,163,3,3,2025-06-07,13:00,15:00,120,Ecrit
343,164,4,4,2025-06-08,15:00,17:00,120,TP
344,165,1,5,2025-06-09,08:00,10:00,120,Oral
345,166,2,1,2025-06-10,10:00,12:00,120,Ecrit
346,167,3,2,2025-06-11,13:00,15:00,120,TP
347,168,4,3,2025-06-12,15:00,17:00,120,Oral
348,169,1,4,2025-06-13,08:00,10:00,120,Ecrit
349,170,2,5,2025-06-14,10:00,12:00,120,TP
350,171,3,1,2025-06-01,13:00,15:00,120,Oral
351,172,4,2,2025-06-02,15:00,17:00,120,Ecrit
352,173,1,3,2025-06-03,08:00,10:00,120,TP
353,174,2,4,2025-06-04,10:00,12:00,120,Oral
354,175,3,5,2025-06-05,13:00,15:00,120,Ecrit
355,176,4,1,2025-06-06,15:00,17:00,120,TP
356,177,1,2,2025-06-07,08:00,10:00,120,Oral
357,178,2,3,2025-06-08,10:00,12:00,120,Ecrit
358,179,3,4,2025-06-09,13:00,15:00,120,TP
359,180,4,5,2025-06-10,15:00,17:00,120,Oral
360,1,1,1,2025-06-11,08:00,10:00,120,Ecrit
361,2,2,2,2025-06-12,10:00,12:00,120,TP
362,3,3,3,2025-06-13,13:00,15:00,120,Oral
363,4,4,4,2025-06-14,15:00,17:00,120,Ecrit
364,5,1,5,2025-06-01,08:00,10:00,120,TP
365,6,2,1,2025-06-02,10:00,12:00,120,Oral
366,7,3,2,2025-06-03,13:00,15:00,120,Ecrit
367,8,4,3,2025-06-04,15:00,17:00,120,TP
368,9,1,4,2025-06-05,08:00,10:00,120,Oral
369,10,2,5,2025-06-06,10:00,12:00,120,Ecrit
370,11,3,1,2025-06-07,13:00,15:00,120,TP
371,12,4,2,2025-06-08,15:00,17:00,120,Oral
372,13,1,3,2025-06-09,08:00,10:00,120,Ecrit
373,14,2,4,2025-06-10,10:00,12:00,120,TP
374,15,3,5,2025-06-11,13:00,15:00,120,Oral
375,16,4,1,2025-06-12,15:00,17:00,120,Ecrit
376,17,1,2,2025-06-13,08:00,10:00,120,TP
377,18,2,3,2025-06-14,10:00,12:00,120,Oral
378,19,3,4,2025-06-01,13:00,15:00,120,Ecrit
379,20,4,5,2025-06-02,15:00,17:00,120,TP
380,21,1,1,2025-06-03,08:00,10:00,120,Oral
381,22,2,2,2025-06-04,10:00,12:00,120,Ecrit
382,23,3,3,2025-06-05,13:00,15:00,120,TP
383,24,4,4,2025-06-06,15:00,17:00,120,Oral
384,25,1,5,2025-06-07,08:00,10:00,120,Ecrit
385,26,2,1,2025-06-08,10:00,12:00,120,TP
386,27,3,2,2025-06-09,13:00,15:00,120,Oral
387,28,4,3,2025-06-10,15:00,17:00,120,Ecrit
388,29,1,4,2025-06-11,08:00,10:00,120,TP
389,30,2,5,2025-06-12,10:00,12:00,120,Oral
390,31,3,1,2025-06-13,13:00,15:00,120,Ecrit
391,32,4,2,2025-06-14,15:00,17:00,120,TP
392,33,1,3,2025-06-01,08:00,10:00,120,Oral
393,34,2,4,2025-06-02,10:00,12:00,120,Ecrit
394,35,3,5,2025-06-03,13:00,15:00,120,TP
395,36,4,1,2025-06-04,15:00,17:00,120,Oral
396,37,1,2,2025-06-05,08:00,10:00,120,Ecrit
397,38,2,3,2025-06-06,10:00,12:00,120,TP
398,39,3,4,2025-06-07,13:00,15:00,120,Oral
399,40,4,5,2025-06-08,15:00,17:00,120,Ecrit
400,41,1,1,2025-06-09,08:00,10:00,120,TP
401,42,2,2,2025-06-10,10:00,12:00,120,Oral
402,43,3,3,2025-06-11,13:00,15:00,120,Ecrit
403,44,4,4,2025-06-12,15:00,17:00,120,TP
404,45,1,5,2025-06-13,08:00,10:00,120,Oral
405,46,2,1,2025-06-14,10:00,12:00,120,Ecrit
406,47,3,2,2025-06-01,13:00,15:00,120,TP
407,48,4,3,2025-06-02,15:00,17:00,120,Oral
408,49,1,4,2025-06-03,08:00,10:00,120,Ecrit
409,50,2,5,2025-06-04,10:00,12:00,120,TP
410,51,3,1,2025-06-05,13:00,15:00,120,Oral
411,52,4,2,2025-06-06,15:00,17:00,120,Ecrit
412,53,1,3,2025-06-07,08:00,10:00,120,TP
413,54,2,4,2025-06-08,10:00,12:00,120,Oral
414,55,3,5,2025-06-09,13:00,15:00,120,Ecrit
415,56,4,1,2025-06-10,15:00,17:00,120,TP
416,57,1,2,2025-06-11,08:00,10:00,120,Oral
417,58,2,3,2025-06-12,10:00,12:00,120,Ecrit
418,59,3,4,2025-06-13,13:00,15:00,120,TP
419,60,4,5,2025-06-14,15:00,17:00,120,Oral
420,61,1,1,2025-06-01,08:00,10:00,120,Ecrit
421,62,2,2,2025-06-02,10:00,12:00,120,TP
422,63,3,3,2025-06-03,13:00,15:00,120,Oral
423,64,4,4,2025-06-04,15:00,17:00,120,Ecrit
424,65,1,5,2025-06-05,08:00,10:00,120,TP
425,66,2,1,2025-06-06,10:00,12:00,120,Oral
426,67,3,2,2025-06-07,13:00,15:00,120,Ecrit
427,68,4,3,2025-06-08,15:00,17:00,120,TP
428,69,1,4,2025-06-09,08:00,10:00,120,Oral
429,70,2,5,2025-06-10,10:00,12:00,120,Ecrit
430,71,3,1,2025-06-11,13:00,15:00,120,TP
431,72,4,2,2025-06-12,15:00,17:00,120,Oral
432,73,1,3,2025-06-13,08:00,10:00,120,Ecrit
433,74,2,4,2025-06-14,10:00,12:00,120,TP
434,75,3,5,2025-06-01,13:00,15:00,120,Oral
435,76,4,1,2025-06-02,15:00,17:00,120,Ecrit
436,77,1,2,2025-06-03,08:00,10:00,120,TP
437,78,2,3,2025-06-04,10:00,12:00,120,Oral
438,79,3,4,2025-06-05,13:00,15:00,120,Ecrit
439,80,4,5,2025-06-06,15:00,17:00,120,TP
440,81,1,1,2025-06-07,08:00,10:00,120,Oral
441,82,2,2,2025-06-08,10:00,12:00,120,Ecrit
442,83,3,3,2025-06-09,13:00,15:00,120,TP
443,84,4,4,2025-06-10,15:00,17:00,120,Oral
444,85,1,5,2025-06-11,08:00,10:00,120,Ecrit
445,86,2,1,2025-06-12,10:00,12:00,120,TP
446,87,3,2,2025-06-13,13:00,15:00,120,Oral
447,88,4,3,2025-06-14,15:00,17:00,120,Ecrit
448,89,1,4,2025-06-01,08:00,10:00,120,TP
449,90,2,5,2025-06-02,10:00,12:00,120,Oral
450,91,3,1,2025-06-03,13:00,15:00,120,Ecrit
451,92,4,2,2025-06-04,15:00,17:00,120,TP
452,93,1,3,2025-06-05,08:00,10:00,120,Oral
453,94,2,4,2025-06-06,10:00,12:00,120,Ecrit
454,95,3,5,2025-06-07,13:00,15:00,120,TP
455,96,4,1,2025-06-08,15:00,17:00,120,Oral
456,97,1,2,2025-06-09,08:00,10:00,120,Ecrit
457,98,2,3,2025-06-10,10:00,12:00,120,TP
458,99,3,4,2025-06-11,13:00,15:00,120,Oral
459,100,4,5,2025-06-12,15:00,17:00,120,Ecrit
460,101,1,1,2025-06-13,08:00,10:00,120,TP
461,102,2,2,2025-06-14,10:00,12:00,120,Oral
462,103,3,3,2025-06-01,13:00,15:00,120,Ecrit
463,104,4,4,2025-06-02,15:00,17:00,120,TP
464,105,1,5,2025-06-03,08:00,10:00,120,Oral
465,106,2,1,2025-06-04,10:00,12:00,120,Ecrit
466,107,3,2,2025-06-05,13:00,15:00,120,TP
467,108,4,3,2025-06-06,15:00,17:00,120,Oral
468,109,1,4,2025-06-07,08:00,10:00,120,Ecrit
469,110,2,5,2025-06-08,10:00,12:00,120,TP
470,111,3,1,2025-06-09,13:00,15:00,120,Oral
471,112,4,2,2025-06-10,15:00,17:00,120,Ecrit
472,113,1,3,2025-06-11,08:00,10:00,120,TP
473,114,2,4,2025-06-12,10:00,12:00,120,Oral
474,115,3,5,2025-06-13,13:00,15:00,120,Ecrit
475,116,4,1,2025-06-14,15:00,17:00,120,TP
476,117,1,2,2025-06-01,08:00,10:00,120,Oral
477,118,2,3,2025-06-02,10:00,12:00,120,Ecrit
478,119,3,4,2025-06-03,13:00,15:00,120,TP
479,120,4,5,2025-06-04,15:00,17:00,120,Oral
480,121,1,1,2025-06-05,08:00,10:00,120,Ecrit
481,122,2,2,2025-06-06,10:00,12:00,120,TP
482,123,3,3,2025-06-07,13:00,15:00,120,Oral
483,124,4,4,2025-06-08,15:00,17:00,120,Ecrit
484,125,1,5,2025-06-09,08:00,10:00,120,TP
485,126,2,1,2025-06-10,10:00,12:00,120,Oral
486,127,3,2,2025-06-11,13:00,15:00,120,Ecrit
487,128,4,3,2025-06-12,15:00,17:00,120,TP
488,129,1,4,2025-06-13,08:00,10:00,120,Oral
489,130,2,5,2025-06-14,10:00,12:00,120,Ecrit
490,131,3,1,2025-06-01,13:00,15:00,120,TP
491,132,4,2,2025-06-02,15:00,17:00,120,Oral
492,133,1,3,2025-06-03,08:00,10:00,120,Ecrit
493,134,2,4,2025-06-04,10:00,12:00,120,TP
494,135,3,5,2025-06-05,13:00,15:00,120,Oral
495,136,4,1,2025-06-06,15:00,17:00,120,Ecrit
496,137,1,2,2025-06-07,08:00,10:00,120,TP
497,138,2,3,2025-06-08,10:00,12:00,120,Oral
498,139,3,4,2025-06-09,13:00,15:00,120,Ecrit
499,140,4,5,2025-06-10,15:00,17:00,120,TP
500,141,1,1,2025-06-11,08:00,10:00,120,Oral
501,142,2,2,2025-06-12,10:00,12:00,120,Ecrit
502,143,3,3,2025-06-13,13:00,15:00,120,TP
503,144,4,4,2025-06-14,15:00,17:00,120,Oral
504,145,1,5,2025-06-01,08:00,10:00,120,Ecrit
505,146,2,1,2025-06-02,10:00,12:00,120,TP
506,147,3,2,2025-06-03,13:00,15:00,120,Oral
507,148,4,3,2025-06-04,15:00,17:00,120,Ecrit
508,149,1,4,2025-06-05,08:00,10:00,120,TP
509,150,2,5,2025-06-06,10:00,12:00,120,Oral
510,151,3,1,2025-06-07,13:00,15:00,120,Ecrit
511,152,4,2,2025-06-08,15:00,17:00,120,TP
512,153,1,3,2025-06-09,08:00,10:00,120,Oral
513,154,2,4,2025-06-10,10:00,12:00,120,Ecrit
514,155,3,5,2025-06-11,13:00,15:00,120,TP
515,156,4,1,2025-06-12,15:00,17:00,120,Oral
516,157,1,2,2025-06-13,08:00,10:00,120,Ecrit
517,158,2,3,2025-06-14,10:00,12:00,120,TP
518,159,3,4,2025-06-01,13:00,15:00,120,Oral
519,160,4,5,2025-06-02,15:00,17:00,120,Ecrit
520,161,1,1,2025-06-03,08:00,10:00,120,TP
521,162,2,2,2025-06-04,10:00,12:00,120,Oral
522,163,3,3,2025-06-05,13:00,15:00,120,Ecrit
523,164,4,4,2025-06-06,15:00,17:00,120,TP
524,165,1,5,2025-06-07,08:00,10:00,120,Oral
525,166,2,1,2025-06-08,10:00,12:00,120,Ecrit
526,167,3,2,2025-06-09,13:00,15:00,120,TP
527,168,4,3,2025-06-10,15:00,17:00,120,Oral
528,169,1,4,2025-06-11,08:00,10:00,120,Ecrit
529,170,2,5,2025-06-12,10:00,12:00,120,TP
530,171,3,1,2025-06-13,13:00,15:00,120,Oral
531,172,4,2,2025-06-14,15:00,17:00,120,Ecrit
532,173,1,3,2025-06-01,08:00,10:00,120,TP
533,174,2,4,2025-06-02,10:00,12:00,120,Oral
534,175,3,5,2025-06-03,13:00,15:00,120,Ecrit
535,176,4,1,2025-06-04,15:00,17:00,120,TP
536,177,1,2,2025-06-05,08:00,10:00,120,Oral
537,178,2,3,2025-06-06,10:00,12:00,120,Ecrit
538,179,3,4,2025-06-07,13:00,15:00,120,TP
539,180,4,5,2025-06-08,15:00,17:00,120,Oral
540,1,1,1,2025-06-09,08:00,10:00,120,Ecrit
541,2,2,2,2025-06-10,10:00,12:00,120,TP
542,3,3,3,2025-06-11,13:00,15:00,120,Oral
543,4,4,4,2025-06-12,15:00,17:00,120,Ecrit
544,5,1,5,2025-06-13,08:00,10:00,120,TP
545,6,2,1,2025-06-14,10:00,12:00,120,Oral
546,7,3,2,2025-06-01,13:00,15:00,120,Ecrit
547,8,4,3,2025-06-02,15:00,17:00,120,TP
548,9,1,4,2025-06-03,08:00,10:00,120,Oral
549,10,2,5,2025-06-04,10:00,12:00,120,Ecrit
550,11,3,1,2025-06-05,13:00,15:00,120,TP
551,12,4,2,2025-06-06,15:00,17:00,120,Oral
552,13,1,3,2025-06-07,08:00,10:00,120,Ecrit
553,14,2,4,2025-06-08,10:00,12:00,120,TP
554,15,3,5,2025-06-09,13:00,15:00,120,Oral
555,16,4,1,2025-06-10,15:00,17:00,120,Ecrit
556,17,1,2,2025-06-11,08:00,10:00,120,TP
557,18,2,3,2025-06-12,10:00,12:00,120,Oral
558,19,3,4,2025-06-13,13:00,15:00,120,Ecrit
559,20,4,5,2025-06-14,15:00,17:00,120,TP
560,21,1,1,2025-06-01,08:00,10:00,120,Oral
561,22,2,2,2025-06-02,10:00,12:00,120,Ecrit
562,23,3,3,2025-06-03,13:00,15:00,120,TP
563,24,4,4,2025-06-04,15:00,17:00,120,Oral
564,25,1,5,2025-06-05,08:00,10:00,120,Ecrit
565,26,2,1,2025-06-06,10:00,12:00,120,TP
566,27,3,2,2025-06-07,13:00,15:00,120,Oral
567,28,4,3,2025-06-08,15:00,17:00,120,Ecrit
568,29,1,4,2025-06-09,08:00,10:00,120,TP
569,30,2,5,2025-06-10,10:00,12:00,120,Oral
570,31,3,1,2025-06-11,13:00,15:00,120,Ecrit
571,32,4,2,2025-06-12,15:00,17:00,120,TP
572,33,1,3,2025-06-13,08:00,10:00,120,Oral
573,34,2,4,2025-06-14,10:00,12:00,120,Ecrit
574,35,3,5,2025-06-01,13:00,15:00,120,TP
575,36,4,1,2025-06-02,15:00,17:00,120,Oral
576,37,1,2,2025-06-03,08:00,10:00,120,Ecrit
577,38,2,3,2025-06-04,10:00,12:00,120,TP
578,39,3,4,2025-06-05,13:00,15:00,120,Oral
579,40,4,5,2025-06-06,15:00,17:00,120,Ecrit
580,41,1,1,2025-06-07,08:00,10:00,120,TP
581,42,2,2,2025-06-08,10:00,12:00,120,Oral
582,43,3,3,2025-06-09,13:00,15:00,120,Ecrit
583,44,4,4,2025-06-10,15:00,17:00,120,TP
584,45,1,5,2025-06-11,08:00,10:00,120,Oral
585,46,2,1,2025-06-12,10:00,12:00,120,Ecrit
586,47,3,2,2025-06-13,13:00,15:00,120,TP
587,48,4,3,2025-06-14,15:00,17:00,120,Oral
588,49,1,4,2025-06-01,08:00,10:00,120,Ecrit
589,50,2,5,2025-06-02,10:00,12:00,120,TP
590,51,3,1,2025-06-03,13:00,15:00,120,Oral
591,52,4,2,2025-06-04,15:00,17:00,120,Ecrit
592,53,1,3,2025-06-05,08:00,10:00,120,TP
593,54,2,4,2025-06-06,10:00,12:00,120,Oral
594,55,3,5,2025-06-07,13:00,15:00,120,Ecrit
595,56,4,1,2025-06-08,15:00,17:00,120,TP
596,57,1,2,2025-06-09,08:00,10:00,120,Oral
597,58,2,3,2025-06-10,10:00,12:00,120,Ecrit
598,59,3,4,2025-06-11,13:00,15:00,120,TP
599,60,4,5,2025-06-12,15:00,17:00,120,Oral
600,61,1,1,2025-06-13,08:00,10:00,120,Ecrit
601,62,2,2,2025-06-14,10:00,12:00,120,TP
602,63,3,3,2025-06-01,13:00,15:00,120,Oral
603,64,4,4,2025-06-02,15:00,17:00,120,Ecrit
604,65,1,5,2025-06-03,08:00,10:00,120,TP
605,66,2,1,2025-06-04,10:00,12:00,120,Oral
606,67,3,2,2025-06-05,13:00,15:00,120,Ecrit
607,68,4,3,2025-06-06,15:00,17:00,120,TP
608,69,1,4,2025-06-07,08:00,10:00,120,Oral
609,70,2,5,2025-06-08,10:00,12:00,120,Ecrit
610,71,3,1,2025-06-09,13:00,15:00,120,TP
611,72,4,2,2025-06-10,15:00,17:00,120,Oral
612,73,1,3,2025-06-11,08:00,10:00,120,Ecrit
613,74,2,4,2025-06-12,10:00,12:00,120,TP
614,75,3,5,2025-06-13,13:00,15:00,120,Oral
615,76,4,1,2025-06-14,15:00,17:00,120,Ecrit
616,77,1,2,2025-06-01,08:00,10:00,120,TP
617,78,2,3,2025-06-02,10:00,12:00,120,Oral
618,79,3,4,2025-06-03,13:00,15:00,120,Ecrit
619,80,4,5,2025-06-04,15:00,17:00,120,TP
620,81,1,1,2025-06-05,08:00,10:00,120,Oral
621,82,2,2,2025-06-06,10:00,12:00,120,Ecrit
622,83,3,3,2025-06-07,13:00,15:00,120,TP
623,84,4,4,2025-06-08,15:00,17:00,120,Oral
624,85,1,5,2025-06-09,08:00,10:00,120,Ecrit
625,86,2,1,2025-06-10,10:00,12:00,120,TP
626,87,3,2,2025-06-11,13:00,15:00,120,Oral
627,88,4,3,2025-06-12,15:00,17:00,120,Ecrit
628,89,1,4,2025-06-13,08:00,10:00,120,TP
629,90,2,5,2025-06-14,10:00,12:00,120,Oral
630,91,3,1,2025-06-01,13:00,15:00,120,Ecrit
631,92,4,2,2025-06-02,15:00,17:00,120,TP
632,93,1,3,2025-06-03,08:00,10:00,120,Oral
633,94,2,4,2025-06-04,10:00,12:00,120,Ecrit
634,95,3,5,2025-06-05,13:00,15:00,120,TP
635,96,4,1,2025-06-06,15:00,17:00,120,Oral
636,97,1,2,2025-06-07,08:00,10:00,120,Ecrit
637,98,2,3,2025-06-08,10:00,12:00,120,TP
638,99,3,4,2025-06-09,13:00,15:00,120,Oral
639,100,4,5,2025-06-10,15:00,17:00,120,Ecrit
640,101,1,1,2025-06-11,08:00,10:00,120,TP
641,102,2,2,2025-06-12,10:00,12:00,120,Oral
642,103,3,3,2025-06-13,13:00,15:00,120,Ecrit
643,104,4,4,2025-06-14,15:00,17:00,120,TP
644,105,1,5,2025-06-01,08:00,10:00,120,Oral
645,106,2,1,2025-06-02,10:00,12:00,120,Ecrit
646,107,3,2,2025-06-03,13:00,15:00,120,TP
647,108,4,3,2025-06-04,15:00,17:00,120,Oral
648,109,1,4,2025-06-05,08:00,10:00,120,Ecrit
649,110,2,5,2025-06-06,10:00,12:00,120,TP
650,111,3,1,2025-06-07,13:00,15:00,120,Oral
651,112,4,2,2025-06-08,15:00,17:00,120,Ecrit
652,113,1,3,2025-06-09,08:00,10:00,120,TP
653,114,2,4,2025-06-10,10:00,12:00,120,Oral
654,115,3,5,2025-06-11,13:00,15:00,120,Ecrit
655,116,4,1,2025-06-12,15:00,17:00,120,TP
656,117,1,2,2025-06-13,08:00,10:00,120,Oral
657,118,2,3,2025-06-14,10:00,12:00,120,Ecrit
658,119,3,4,2025-06-01,13:00,15:00,120,TP
659,120,4,5,2025-06-02,15:00,17:00,120,Oral
660,121,1,1,2025-06-03,08:00,10:00,120,Ecrit
661,122,2,2,2025-06-04,10:00,12:00,120,TP
662,123,3,3,2025-06-05,13:00,15:00,120,Oral
663,124,4,4,2025-06-06,15:00,17:00,120,Ecrit
664,125,1,5,2025-06-07,08:00,10:00,120,TP
665,126,2,1,2025-06-08,10:00,12:00,120,Oral
666,127,3,2,2025-06-09,13:00,15:00,120,Ecrit
667,128,4,3,2025-06-10,15:00,17:00,120,TP
668,129,1,4,2025-06-11,08:00,10:00,120,Oral
669,130,2,5,2025-06-12,10:00,12:00,120,Ecrit
670,131,3,1,2025-06-13,13:00,15:00,120,TP
671,132,4,2,2025-06-14,15:00,17:00,120,Oral
672,133,1,3,2025-06-01,08:00,10:00,120,Ecrit
673,134,2,4,2025-06-02,10:00,12:00,120,TP
674,135,3,5,2025-06-03,13:00,15:00,120,Oral
675,136,4,1,2025-06-04,15:00,17:00,120,Ecrit
676,137,1,2,2025-06-05,08:00,10:00,120,TP
677,138,2,3,2025-06-06,10:00,12:00,120,Oral
678,139,3,4,2025-06-07,13:00,15:00,120,Ecrit
679,140,4,5,2025-06-08,15:00,17:00,120,TP
680,141,1,1,2025-06-09,08:00,10:00,120,Oral
681,142,2,2,2025-06-10,10:00,12:00,120,Ecrit
682,143,3,3,2025-06-11,13:00,15:00,120,TP
683,144,4,4,2025-06-12,15:00,17:00,120,Oral
684,145,1,5,2025-06-13,08:00,10:00,120,Ecrit
685,146,2,1,2025-06-14,10:00,12:00,120,TP
686,147,3,2,2025-06-01,13:00,15:00,120,Oral
687,148,4,3,2025-06-02,15:00,17:00,120,Ecrit
688,149,1,4,2025-06-03,08:00,10:00,120,TP
689,150,2,5,2025-06-04,10:00,12:00,120,Oral
690,151,3,1,2025-06-05,13:00,15:00,120,Ecrit
691,152,4,2,2025-06-06,15:00,17:00,120,TP
692,153,1,3,2025-06-07,08:00,10:00,120,Oral
693,154,2,4,2025-06-08,10:00,12:00,120,Ecrit
694,155,3,5,2025-06-09,13:00,15:00,120,TP
695,156,4,1,2025-06-10,15:00,17:00,120,Oral
696,157,1,2,2025-06-11,08:00,10:00,120,Ecrit
697,158,2,3,2025-06-12,10:00,12:00,120,TP
698,159,3,4,2025-06-13,13:00,15:00,120,Oral
699,160,4,5,2025-06-14,15:00,17:00,120,Ecrit
700,161,1,1,2025-06-01,08:00,10:00,120,TP
701,162,2,2,2025-06-02,10:00,12:00,120,Oral
702,163,3,3,2025-06-03,13:00,15:00,120,Ecrit
703,164,4,4,2025-06-04,15:00,17:00,120,TP
704,165,1,5,2025-06-05,08:00,10:00,120,Oral
705,166,2,1,2025-06-06,10:00,12:00,120,Ecrit
706,167,3,2,2025-06-07,13:00,15:00,120,TP
707,168,4,3,2025-06-08,15:00,17:00,120,Oral
708,169,1,4,2025-06-09,08:00,10:00,120,Ecrit
709,170,2,5,2025-06-10,10:00,12:00,120,TP
710,171,3,1,2025-06-11,13:00,15:00,120,Oral
711,172,4,2,2025-06-12,15:00,17:00,120,Ecrit
712,173,1,3,2025-06-13,08:00,10:00,120,TP
713,174,2,4,2025-06-14,10:00,12:00,120,Oral
714,175,3,5,2025-06-01,13:00,15:00,120,Ecrit
715,176,4,1,2025-06-02,15:00,17:00,120,TP
716,177,1,2,2025-06-03,08:00,10:00,120,Oral
717,178,2,3,2025-06-04,10:00,12:00,120,Ecrit
718,179,3,4,2025-06-05,13:00,15:00,120,TP
719,180,4,5,2025-06-06,15:00,17:00,120,Oral
720,1,1,1,2025-06-07,08:00,10:00,120,Ecrit
721,2,2,2,2025-06-08,10:00,12:00,120,TP
722,3,3,3,2025-06-09,13:00,15:00,120,Oral
723,4,4,4,2025-06-10,15:00,17:00,120,Ecrit
724,5,1,5,2025-06-11,08:00,10:00,120,TP
725,6,2,1,2025-06-12,10:00,12:00,120,Oral
726,7,3,2,2025-06-13,13:00,15:00,120,Ecrit
727,8,4,3,2025-06-14,15:00,17:00,120,TP
728,9,1,4,2025-06-01,08:00,10:00,120,Oral
729,10,2,5,2025-06-02,10:00,12:00,120,Ecrit
730,11,3,1,2025-06-03,13:00,15:00,120,TP
731,12,4,2,2025-06-04,15:00,17:00,120,Oral
732,13,1,3,2025-06-05,08:00,10:00,120,Ecrit
733,14,2,4,2025-06-06,10:00,12:00,120,TP
734,15,3,5,2025-06-07,13:00,15:00,120,Oral
735,16,4,1,2025-06-08,15:00,17:00,120,Ecrit
736,17,1,2,2025-06-09,08:00,10:00,120,TP
737,18,2,3,2025-06-10,10:00,12:00,120,Oral
738,19,3,4,2025-06-11,13:00,15:00,120,Ecrit
739,20,4,5,2025-06-12,15:00,17:00,120,TP
740,21,1,1,2025-06-13,08:00,10:00,120,Oral
741,22,2,2,2025-06-14,10:00,12:00,120,Ecrit
742,23,3,3,2025-06-01,13:00,15:00,120,TP
743,24,4,4,2025-06-02,15:00,17:00,120,Oral
744,25,1,5,2025-06-03,08:00,10:00,120,Ecrit
745,26,2,1,2025-06-04,10:00,12:00,120,TP
746,27,3,2,2025-06-05,13:00,15:00,120,Oral
747,28,4,3,2025-06-06,15:00,17:00,120,Ecrit
748,29,1,4,2025-06-07,08:00,10:00,120,TP
749,30,2,5,2025-06-08,10:00,12:00,120,Oral
750,31,3,1,2025-06-09,13:00,15:00,120,Ecrit
751,32,4,2,2025-06-10,15:00,17:00,120,TP
752,33,1,3,2025-06-11,08:00,10:00,120,Oral
753,34,2,4,2025-06-12,10:00,12:00,120,Ecrit
754,35,3,5,2025-06-13,13:00,15:00,120,TP
755,36,4,1,2025-06-14,15:00,17:00,120,Oral
756,37,1,2,2025-06-01,08:00,10:00,120,Ecrit
757,38,2,3,2025-06-02,10:00,12:00,120,TP
758,39,3,4,2025-06-03,13:00,15:00,120,Oral
759,40,4,5,2025-06-04,15:00,17:00,120,Ecrit
760,41,1,1,2025-06-05,08:00,10:00,120,TP
761,42,2,2,2025-06-06,10:00,12:00,120,Oral
762,43,3,3,2025-06-07,13:00,15:00,120,Ecrit
763,44,4,4,2025-06-08,15:00,17:00,120,TP
764,45,1,5,2025-06-09,08:00,10:00,120,Oral
765,46,2,1,2025-06-10,10:00,12:00,120,Ecrit
766,47,3,2,2025-06-11,13:00,15:00,120,TP
767,48,4,3,2025-06-12,15:00,17:00,120,Oral
768,49,1,4,2025-06-13,08:00,10:00,120,Ecrit
769,50,2,5,2025-06-14,10:00,12:00,120,TP
770,51,3,1,2025-06-01,13:00,15:00,120,Oral
771,52,4,2,2025-06-02,15:00,17:00,120,Ecrit
772,53,1,3,2025-06-03,08:00,10:00,120,TP
773,54,2,4,2025-06-04,10:00,12:00,120,Oral
774,55,3,5,2025-06-05,13:00,15:00,120,Ecrit
775,56,4,1,2025-06-06,15:00,17:00,120,TP
776,57,1,2,2025-06-07,08:00,10:00,120,Oral
777,58,2,3,2025-06-08,10:00,12:00,120,Ecrit
778,59,3,4,2025-06-09,13:00,15:00,120,TP
779,60,4,5,2025-06-10,15:00,17:00,120,Oral
780,61,1,1,2025-06-11,08:00,10:00,120,Ecrit
781,62,2,2,2025-06-12,10:00,12:00,120,TP
782,63,3,3,2025-06-13,13:00,15:00,120,Oral
783,64,4,4,2025-06-14,15:00,17:00,120,Ecrit
784,65,1,5,2025-06-01,08:00,10:00,120,TP
785,66,2,1,2025-06-02,10:00,12:00,120,Oral
786,67,3,2,2025-06-03,13:00,15:00,120,Ecrit
787,68,4,3,2025-06-04,15:00,17:00,120,TP
788,69,1,4,2025-06-05,08:00,10:00,120,Oral
789,70,2,5,2025-06-06,10:00,12:00,120,Ecrit
790,71,3,1,2025-06-07,13:00,15:00,120,TP
791,72,4,2,2025-06-08,15:00,17:00,120,Oral
792,73,1,3,2025-06-09,08:00,10:00,120,Ecrit
793,74,2,4,2025-06-10,10:00,12:00,120,TP
794,75,3,5,2025-06-11,13:00,15:00,120,Oral
795,76,4,1,2025-06-12,15:00,17:00,120,Ecrit
796,77,1,2,2025-06-13,08:00,10:00,120,TP
797,78,2,3,2025-06-14,10:00,12:00,120,Oral
798,79,3,4,2025-06-01,13:00,15:00,120,Ecrit
799,80,4,5,2025-06-02,15:00,17:00,120,TP
800,81,1,1,2025-06-03,08:00,10:00,120,Oral
801,82,2,2,2025-06-04,10:00,12:00,120,Ecrit
802,83,3,3,2025-06-05,13:00,15:00,120,TP
803,84,4,4,2025-06-06,15:00,17:00,120,Oral
804,85,1,5,2025-06-07,08:00,10:00,120,Ecrit
805,86,2,1,2025-06-08,10:00,12:00,120,TP
806,87,3,2,2025-06-09,13:00,15:00,120,Oral
807,88,4,3,2025-06-10,15:00,17:00,120,Ecrit
808,89,1,4,2025-06-11,08:00,10:00,120,TP
809,90,2,5,2025-06-12,10:00,12:00,120,Oral
810,91,3,1,2025-06-13,13:00,15:00,120,Ecrit
811,92,4,2,2025-06-14,15:00,17:00,120,TP
812,93,1,3,2025-06-01,08:00,10:00,120,Oral
813,94,2,4,2025-06-02,10:00,12:00,120,Ecrit
814,95,3,5,2025-06-03,13:00,15:00,120,TP
815,96,4,1,2025-06-04,15:00,17:00,120,Oral
816,97,1,2,2025-06-05,08:00,10:00,120,Ecrit
817,98,2,3,2025-06-06,10:00,12:00,120,TP
818,99,3,4,2025-06-07,13:00,15:00,120,Oral
819,100,4,5,2025-06-08,15:00,17:00,120,Ecrit
820,101,1,1,2025-06-09,08:00,10:00,120,TP
821,102,2,2,2025-06-10,10:00,12:00,120,Oral
822,103,3,3,2025-06-11,13:00,15:00,120,Ecrit
823,104,4,4,2025-06-12,15:00,17:00,120,TP
824,105,1,5,2025-06-13,08:00,10:00,120,Oral
825,106,2,1,2025-06-14,10:00,12:00,120,Ecrit
826,107,3,2,2025-06-01,13:00,15:00,120,TP
827,108,4,3,2025-06-02,15:00,17:00,120,Oral
828,109,1,4,2025-06-03,08:00,10:00,120,Ecrit
829,110,2,5,2025-06-04,10:00,12:00,120,TP
830,111,3,1,2025-06-05,13:00,15:00,120,Oral
831,112,4,2,2025-06-06,15:00,17:00,120,Ecrit
832,113,1,3,2025-06-07,08:00,10:00,120,TP
833,114,2,4,2025-06-08,10:00,12:00,120,Oral
834,115,3,5,2025-06-09,13:00,15:00,120,Ecrit
835,116,4,1,2025-06-10,15:00,17:00,120,TP
836,117,1,2,2025-06-11,08:00,10:00,120,Oral
837,118,2,3,2025-06-12,10:00,12:00,120,Ecrit
838,119,3,4,2025-06-13,13:00,15:00,120,TP
839,120,4,5,2025-06-14,15:00,17:00,120,Oral
840,121,1,1,2025-06-01,08:00,10:00,120,Ecrit
841,122,2,2,2025-06-02,10:00,12:00,120,TP
842,123,3,3,2025-06-03,13:00,15:00,120,Oral
843,124,4,4,2025-06-04,15:00,17:00,120,Ecrit
844,125,1,5,2025-06-05,08:00,10:00,120,TP
845,126,2,1,2025-06-06,10:00,12:00,120,Oral
846,127,3,2,2025-06-07,13:00,15:00,120,Ecrit
847,128,4,3,2025-06-08,15:00,17:00,120,TP
848,129,1,4,2025-06-09,08:00,10:00,120,Oral
849,130,2,5,2025-06-10,10:00,12:00,120,Ecrit
850,131,3,1,2025-06-11,13:00,15:00,120,TP
851,132,4,2,2025-06-12,15:00,17:00,120,Oral
852,133,1,3,2025-06-13,08:00,10:00,120,Ecrit
853,134,2,4,2025-06-14,10:00,12:00,120,TP
854,135,3,5,2025-06-01,13:00,15:00,120,Oral
855,136,4,1,2025-06-02,15:00,17:00,120,Ecrit
856,137,1,2,2025-06-03,08:00,10:00,120,TP
857,138,2,3,2025-06-04,10:00,12:00,120,Oral
858,139,3,4,2025-06-05,13:00,15:00,120,Ecrit
859,140,4,5,2025-06-06,15:00,17:00,120,TP
860,141,1,1,2025-06-07,08:00,10:00,120,Oral
861,142,2,2,2025-06-08,10:00,12:00,120,Ecrit
862,143,3,3,2025-06-09,13:00,15:00,120,TP
863,144,4,4,2025-06-10,15:00,17:00,120,Oral
864,145,1,5,2025-06-11,08:00,10:00,120,Ecrit
865,146,2,1,2025-06-12,10:00,12:00,120,TP
866,147,3,2,2025-06-13,13:00,15:00,120,Oral
867,148,4,3,2025-06-14,15:00,17:00,120,Ecrit
868,149,1,4,2025-06-01,08:00,10:00,120,TP
869,150,2,5,2025-06-02,10:00,12:00,120,Oral
870,151,3,1,2025-06-03,13:00,15:00,120,Ecrit
871,152,4,2,2025-06-04,15:00,17:00,120,TP
872,153,1,3,2025-06-05,08:00,10:00,120,Oral
873,154,2,4,2025-06-06,10:00,12:00,120,Ecrit
874,155,3,5,2025-06-07,13:00,15:00,120,TP
875,156,4,1,2025-06-08,15:00,17:00,120,Oral
876,157,1,2,2025-06-09,08:00,10:00,120,Ecrit
877,158,2,3,2025-06-10,10:00,12:00,120,TP
878,159,3,4,2025-06-11,13:00,15:00,120,Oral
879,160,4,5,2025-06-12,15:00,17:00,120,Ecrit
880,161,1,1,2025-06-13,08:00,10:00,120,TP
881,162,2,2,2025-06-14,10:00,12:00,120,Oral
882,163,3,3,2025-06-01,13:00,15:00,120,Ecrit
883,164,4,4,2025-06-02,15:00,17:00,120,TP
884,165,1,5,2025-06-03,08:00,10:00,120,Oral
885,166,2,1,2025-06-04,10:00,12:00,120,Ecrit
886,167,3,2,2025-06-05,13:00,15:00,120,TP
887,168,4,3,2025-06-06,15:00,17:00,120,Oral
888,169,1,4,2025-06-07,08:00,10:00,120,Ecrit
889,170,2,5,2025-06-08,10:00,12:00,120,TP
890,171,3,1,2025-06-09,13:00,15:00,120,Oral
891,172,4,2,2025-06-10,15:00,17:00,120,Ecrit
892,173,1,3,2025-06-11,08:00,10:00,120,TP
893,174,2,4,2025-06-12,10:00,12:00,120,Oral
894,175,3,5,2025-06-13,13:00,15:00,120,Ecrit
895,176,4,1,2025-06-14,15:00,17:00,120,TP
896,177,1,2,2025-06-01,08:00,10:00,120,Oral
897,178,2,3,2025-06-02,10:00,12:00,120,Ecrit
898,179,3,4,2025-06-03,13:00,15:00,120,TP
899,180,4,5,2025-06-04,15:00,17:00,120,Oral
900,1,1,1,2025-06-05,08:00,10:00,120,Ecrit
901,2,2,2,2025-06-06,10:00,12:00,120,TP
902,3,3,3,2025-06-07,13:00,15:00,120,Oral
903,4,4,4,2025-06-08,15:00,17:00,120,Ecrit
904,5,1,5,2025-06-09,08:00,10:00,120,TP
905,6,2,1,2025-06-10,10:00,12:00,120,Oral
906,7,3,2,2025-06-11,13:00,15:00,120,Ecrit
907,8,4,3,2025-06-12,15:00,17:00,120,TP
908,9,1,4,2025-06-13,08:00,10:00,120,Oral
909,10,2,5,2025-06-14,10:00,12:00,120,Ecrit
910,11,3,1,2025-06-01,13:00,15:00,120,TP
911,12,4,2,2025-06-02,15:00,17:00,120,Oral
912,13,1,3,2025-06-03,08:00,10:00,120,Ecrit
913,14,2,4,2025-06-04,10:00,12:00,120,TP
914,15,3,5,2025-06-05,13:00,15:00,120,Oral
915,16,4,1,2025-06-06,15:00,17:00,120,Ecrit
916,17,1,2,2025-06-07,08:00,10:00,120,TP
917,18,2,3,2025-06-08,10:00,12:00,120,Oral
918,19,3,4,2025-06-09,13:00,15:00,120,Ecrit
919,20,4,5,2025-06-10,15:00,17:00,120,TP
920,21,1,1,2025-06-11,08:00,10:00,120,Oral
921,22,2,2,2025-06-12,10:00,12:00,120,Ecrit
922,23,3,3,2025-06-13,13:00,15:00,120,TP
923,24,4,4,2025-06-14,15:00,17:00,120,Oral
924,25,1,5,2025-06-01,08:00,10:00,120,Ecrit
925,26,2,1,2025-06-02,10:00,12:00,120,TP
926,27,3,2,2025-06-03,13:00,15:00,120,Oral
927,28,4,3,2025-06-04,15:00,17:00,120,Ecrit
928,29,1,4,2025-06-05,08:00,10:00,120,TP
929,30,2,5,2025-06-06,10:00,12:00,120,Oral
930,31,3,1,2025-06-07,13:00,15:00,120,Ecrit
931,32,4,2,2025-06-08,15:00,17:00,120,TP
932,33,1,3,2025-06-09,08:00,10:00,120,Oral
933,34,2,4,2025-06-10,10:00,12:00,120,Ecrit
934,35,3,5,2025-06-11,13:00,15:00,120,TP
935,36,4,1,2025-06-12,15:00,17:00,120,Oral
936,37,1,2,2025-06-13,08:00,10:00,120,Ecrit
937,38,2,3,2025-06-14,10:00,12:00,120,TP
938,39,3,4,2025-06-01,13:00,15:00,120,Oral
939,40,4,5,2025-06-02,15:00,17:00,120,Ecrit
940,41,1,1,2025-06-03,08:00,10:00,120,TP
941,42,2,2,2025-06-04,10:00,12:00,120,Oral
942,43,3,3,2025-06-05,13:00,15:00,120,Ecrit
943,44,4,4,2025-06-06,15:00,17:00,120,TP
944,45,1,5,2025-06-07,08:00,10:00,120,Oral
945,46,2,1,2025-06-08,10:00,12:00,120,Ecrit
946,47,3,2,2025-06-09,13:00,15:00,120,TP
947,48,4,3,2025-06-10,15:00,17:00,120,Oral
948,49,1,4,2025-06-11,08:00,10:00,120,Ecrit
949,50,2,5,2025-06-12,10:00,12:00,120,TP
950,51,3,1,2025-06-13,13:00,15:00,120,Oral
951,52,4,2,2025-06-14,15:00,17:00,120,Ecrit
952,53,1,3,2025-06-01,08:00,10:00,120,TP
953,54,2,4,2025-06-02,10:00,12:00,120,Oral
954,55,3,5,2025-06-03,13:00,15:00,120,Ecrit
955,56,4,1,2025-06-04,15:00,17:00,120,TP
956,57,1,2,2025-06-05,08:00,10:00,120,Oral
957,58,2,3,2025-06-06,10:00,12:00,120,Ecrit
958,59,3,4,2025-06-07,13:00,15:00,120,TP
959,60,4,5,2025-06-08,15:00,17:00,120,Oral
960,61,1,1,2025-06-09,08:00,10:00,120,Ecrit
961,62,2,2,2025-06-10,10:00,12:00,120,TP
962,63,3,3,2025-06-11,13:00,15:00,120,Oral
963,64,4,4,2025-06-12,15:00,17:00,120,Ecrit
964,65,1,5,2025-06-13,08:00,10:00,120,TP
965,66,2,1,2025-06-14,10:00,12:00,120,Oral
966,67,3,2,2025-06-01,13:00,15:00,120,Ecrit
967,68,4,3,2025-06-02,15:00,17:00,120,TP
968,69,1,4,2025-06-03,08:00,10:00,120,Oral
969,70,2,5,2025-06-04,10:00,12:00,120,Ecrit
970,71,3,1,2025-06-05,13:00,15:00,120,TP
971,72,4,2,2025-06-06,15:00,17:00,120,Oral
972,73,1,3,2025-06-07,08:00,10:00,120,Ecrit
973,74,2,4,2025-06-08,10:00,12:00,120,TP
974,75,3,5,2025-06-09,13:00,15:00,120,Oral
975,76,4,1,2025-06-10,15:00,17:00,120,Ecrit
976,77,1,2,2025-06-11,08:00,10:00,120,TP
977,78,2,3,2025-06-12,10:00,12:00,120,Oral
978,79,3,4,2025-06-13,13:00,15:00,120,Ecrit
979,80,4,5,2025-06-14,15:00,17:00,120,TP
980,81,1,1,2025-06-01,08:00,10:00,120,Oral
981,82,2,2,2025-06-02,10:00,12:00,120,Ecrit
982,83,3,3,2025-06-03,13:00,15:00,120,TP
983,84,4,4,2025-06-04,15:00,17:00,120,Oral
984,85,1,5,2025-06-05,08:00,10:00,120,Ecrit
985,86,2,1,2025-06-06,10:00,12:00,120,TP
986,87,3,2,2025-06-07,13:00,15:00,120,Oral
987,88,4,3,2025-06-08,15:00,17:00,120,Ecrit
988,89,1,4,2025-06-09,08:00,10:00,120,TP
989,90,2,5,2025-06-10,10:00,12:00,120,Oral
990,91,3,1,2025-06-11,13:00,15:00,120,Ecrit
991,92,4,2,2025-06-12,15:00,17:00,120,TP
992,93,1,3,2025-06-13,08:00,10:00,120,Oral
993,94,2,4,2025-06-14,10:00,12:00,120,Ecrit
994,95,3,5,2025-06-01,13:00,15:00,120,TP
995,96,4,1,2025-06-02,15:00,17:00,120,Oral
996,97,1,2,2025-06-03,08:00,10:00,120,Ecrit
997,98,2,3,2025-06-04,10:00,12:00,120,TP
998,99,3,4,2025-06-05,13:00,15:00,120,Oral
999,100,4,5,2025-06-06,15:00,17:00,120,Ecrit
1000,101,1,1,2025-06-07,08:00,10:00,120,TP
1001,102,2,2,2025-06-08,10:00,12:00,120,Oral
1002,103,3,3,2025-06-09,13:00,15:00,120,Ecrit
1003,104,4,4,2025-06-10,15:00,17:00,120,TP
1004,105,1,5,2025-06-11,08:00,10:00,120,Oral
1005,106,2,1,2025-06-12,10:00,12:00,120,Ecrit
1006,107,3,2,2025-06-13,13:00,15:00,120,TP
1007,108,4,3,2025-06-14,15:00,17:00,120,Oral
1008,109,1,4,2025-06-01,08:00,10:00,120,Ecrit
1009,110,2,5,2025-06-02,10:00,12:00,120,TP
1010,111,3,1,2025-06-03,13:00,15:00,120,Oral
1011,112,4,2,2025-06-04,15:00,17:00,120,Ecrit
1012,113,1,3,2025-06-05,08:00,10:00,120,TP
1013,114,2,4,2025-06-06,10:00,12:00,120,Oral
1014,115,3,5,2025-06-07,13:00,15:00,120,Ecrit
1015,116,4,1,2025-06-08,15:00,17:00,120,TP
1016,117,1,2,2025-06-09,08:00,10:00,120,Oral
1017,118,2,3,2025-06-10,10:00,12:00,120,Ecrit
1018,119,3,4,2025-06-11,13:00,15:00,120,TP
1019,120,4,5,2025-06-12,15:00,17:00,120,Oral
1020,121,1,1,2025-06-13,08:00,10:00,120,Ecrit
1021,122,2,2,2025-06-14,10:00,12:00,120,TP
1022,123,3,3,2025-06-01,13:00,15:00,120,Oral
1023,124,4,4,2025-06-02,15:00,17:00,120,Ecrit
1024,125,1,5,2025-06-03,08:00,10:00,120,TP
1025,126,2,1,2025-06-04,10:00,12:00,120,Oral
1026,127,3,2,2025-06-05,13:00,15:00,120,Ecrit
1027,128,4,3,2025-06-06,15:00,17:00,120,TP
1028,129,1,4,2025-06-07,08:00,10:00,120,Oral
1029,130,2,5,2025-06-08,10:00,12:00,120,Ecrit
1030,131,3,1,2025-06-09,13:00,15:00,120,TP
1031,132,4,2,2025-06-10,15:00,17:00,120,Oral
1032,133,1,3,2025-06-11,08:00,10:00,120,Ecrit
1033,134,2,4,2025-06-12,10:00,12:00,120,TP
1034,135,3,5,2025-06-13,13:00,15:00,120,Oral
1035,136,4,1,2025-06-14,15:00,17:00,120,Ecrit
1036,137,1,2,2025-06-01,08:00,10:00,120,TP
1037,138,2,3,2025-06-02,10:00,12:00,120,Oral
1038,139,3,4,2025-06-03,13:00,15:00,120,Ecrit
1039,140,4,5,2025-06-04,15:00,17:00,120,TP
1040,141,1,1,2025-06-05,08:00,10:00,120,Oral
1041,142,2,2,2025-06-06,10:00,12:00,120,Ecrit
1042,143,3,3,2025-06-07,13:00,15:00,120,TP
1043,144,4,4,2025-06-08,15:00,17:00,120,Oral
1044,145,1,5,2025-06-09,08:00,10:00,120,Ecrit
1045,146,2,1,2025-06-10,10:00,12:00,120,TP
1046,147,3,2,2025-06-11,13:00,15:00,120,Oral
1047,148,4,3,2025-06-12,15:00,17:00,120,Ecrit
1048,149,1,4,2025-06-13,08:00,10:00,120,TP
1049,150,2,5,2025-06-14,10:00,12:00,120,Oral
1050,151,3,1,2025-06-01,13:00,15:00,120,Ecrit
1051,152,4,2,2025-06-02,15:00,17:00,120,TP
1052,153,1,3,2025-06-03,08:00,10:00,120,Oral
1053,154,2,4,2025-06-04,10:00,12:00,120,Ecrit
1054,155,3,5,2025-06-05,13:00,15:00,120,TP
1055,156,4,1,2025-06-06,15:00,17:00,120,Oral
1056,157,1,2,2025-06-07,08:00,10:00,120,Ecrit
1057,158,2,3,2025-06-08,10:00,12:00,120,TP
1058,159,3,4,2025-06-09,13:00,15:00,120,Oral
1059,160,4,5,2025-06-10,15:00,17:00,120,Ecrit
1060,161,1,1,2025-06-11,08:00,10:00,120,TP
1061,162,2,2,2025-06-12,10:00,12:00,120,Oral
1062,163,3,3,2025-06-13,13:00,15:00,120,Ecrit
1063,164,4,4,2025-06-14,15:00,17:00,120,TP
1064,165,1,5,2025-06-01,08:00,10:00,120,Oral
1065,166,2,1,2025-06-02,10:00,12:00,120,Ecrit
1066,167,3,2,2025-06-03,13:00,15:00,120,TP
1067,168,4,3,2025-06-04,15:00,17:00,120,Oral
1068,169,1,4,2025-06-05,08:00,10:00,120,Ecrit
1069,170,2,5,2025-06-06,10:00,12:00,120,TP
1070,171,3,1,2025-06-07,13:00,15:00,120,Oral
1071,172,4,2,2025-06-08,15:00,17:00,120,Ecrit
1072,173,1,3,2025-06-09,08:00,10:00,120,TP
1073,174,2,4,2025-06-10,10:00,12:00,120,Oral
1074,175,3,5,2025-06-11,13:00,15:00,120,Ecrit
1075,176,4,1,2025-06-12,15:00,17:00,120,TP
1076,177,1,2,2025-06-13,08:00,10:00,120,Oral
1077,178,2,3,2025-06-14,10:00,12:00,120,Ecrit
1078,179,3,4,2025-06-01,13:00,15:00,120,TP
1079,180,4,5,2025-06-02,15:00,17:00,120,Oral
1080,1,1,1,2025-06-03,08:00,10:00,120,Ecrit
1081,2,2,2,2025-06-04,10:00,12:00,120,TP
1082,3,3,3,2025-06-05,13:00,15:00,120,Oral
1083,4,4,4,2025-06-06,15:00,17:00,120,Ecrit
1084,5,1,5,2025-06-07,08:00,10:00,120,TP
1085,6,2,1,2025-06-08,10:00,12:00,120,Oral
1086,7,3,2,2025-06-09,13:00,15:00,120,Ecrit
1087,8,4,3,2025-06-10,15:00,17:00,120,TP
1088,9,1,4,2025-06-11,08:00,10:00,120,Oral
1089,10,2,5,2025-06-12,10:00,12:00,120,Ecrit
1090,11,3,1,2025-06-13,13:00,15:00,120,TP
1091,12,4,2,2025-06-14,15:00,17:00,120,Oral
1092,13,1,3,2025-06-01,08:00,10:00,120,Ecrit
1093,14,2,4,2025-06-02,10:00,12:00,120,TP
1094,15,3,5,2025-06-03,13:00,15:00,120,Oral
1095,16,4,1,2025-06-04,15:00,17:00,120,Ecrit
1096,17,1,2,2025-06-05,08:00,10:00,120,TP
1097,18,2,3,2025-06-06,10:00,12:00,120,Oral
1098,19,3,4,2025-06-07,13:00,15:00,120,Ecrit
1099,20,4,5,2025-06-08,15:00,17:00,120,TP
1100,21,1,1,2025-06-09,08:00,10:00,120,Oral
1101,22,2,2,2025-06-10,10:00,12:00,120,Ecrit
1102,23,3,3,2025-06-11,13:00,15:00,120,TP
1103,24,4,4,2025-06-12,15:00,17:00,120,Oral
1104,25,1,5,2025-06-13,08:00,10:00,120,Ecrit
1105,26,2,1,2025-06-14,10:00,12:00,120,TP
1106,27,3,2,2025-06-01,13:00,15:00,120,Oral
1107,28,4,3,2025-06-02,15:00,17:00,120,Ecrit
1108,29,1,4,2025-06-03,08:00,10:00,120,TP
1109,30,2,5,2025-06-04,10:00,12:00,120,Oral
1110,31,3,1,2025-06-05,13:00,15:00,120,Ecrit
1111,32,4,2,2025-06-06,15:00,17:00,120,TP
1112,33,1,3,2025-06-07,08:00,10:00,120,Oral
1113,34,2,4,2025-06-08,10:00,12:00,120,Ecrit
1114,35,3,5,2025-06-09,13:00,15:00,120,TP
1115,36,4,1,2025-06-10,15:00,17:00,120,Oral
1116,37,1,2,2025-06-11,08:00,10:00,120,Ecrit
1117,38,2,3,2025-06-12,10:00,12:00,120,TP
1118,39,3,4,2025-06-13,13:00,15:00,120,Oral
1119,40,4,5,2025-06-14,15:00,17:00,120,Ecrit
1120,41,1,1,2025-06-01,08:00,10:00,120,TP
1121,42,2,2,2025-06-02,10:00,12:00,120,Oral
1122,43,3,3,2025-06-03,13:00,15:00,120,Ecrit
1123,44,4,4,2025-06-04,15:00,17:00,120,TP
1124,45,1,5,2025-06-05,08:00,10:00,120,Oral
1125,46,2,1,2025-06-06,10:00,12:00,120,Ecrit
1126,47,3,2,2025-06-07,13:00,15:00,120,TP
1127,48,4,3,2025-06-08,15:00,17:00,120,Oral
1128,49,1,4,2025-06-09,08:00,10:00,120,Ecrit
1129,50,2,5,2025-06-10,10:00,12:00,120,TP
1130,51,3,1,2025-06-11,13:00,15:00,120,Oral
1131,52,4,2,2025-06-12,15:00,17:00,120,Ecrit
1132,53,1,3,2025-06-13,08:00,10:00,120,TP
1133,54,2,4,2025-06-14,10:00,12:00,120,Oral
1134,55,3,5,2025-06-01,13:00,15:00,120,Ecrit
1135,56,4,1,2025-06-02,15:00,17:00,120,TP
1136,57,1,2,2025-06-03,08:00,10:00,120,Oral
1137,58,2,3,2025-06-04,10:00,12:00,120,Ecrit
1138,59,3,4,2025-06-05,13:00,15:00,120,TP
1139,60,4,5,2025-06-06,15:00,17:00,120,Oral
1140,61,1,1,2025-06-07,08:00,10:00,120,Ecrit
1141,62,2,2,2025-06-08,10:00,12:00,120,TP
1142,63,3,3,2025-06-09,13:00,15:00,120,Oral
1143,64,4,4,2025-06-10,15:00,17:00,120,Ecrit
1144,65,1,5,2025-06-11,08:00,10:00,120,TP
1145,66,2,1,2025-06-12,10:00,12:00,120,Oral
1146,67,3,2,2025-06-13,13:00,15:00,120,Ecrit
1147,68,4,3,2025-06-14,15:00,17:00,120,TP
1148,69,1,4,2025-06-01,08:00,10:00,120,Oral
1149,70,2,5,2025-06-02,10:00,12:00,120,Ecrit
1150,71,3,1,2025-06-03,13:00,15:00,120,TP
1151,72,4,2,2025-06-04,15:00,17:00,120,Oral
1152,73,1,3,2025-06-05,08:00,10:00,120,Ecrit
1153,74,2,4,2025-06-06,10:00,12:00,120,TP
1154,75,3,5,2025-06-07,13:00,15:00,120,Oral
1155,76,4,1,2025-06-08,15:00,17:00,120,Ecrit
1156,77,1,2,2025-06-09,08:00,10:00,120,TP
1157,78,2,3,2025-06-10,10:00,12:00,120,Oral
1158,79,3,4,2025-06-11,13:00,15:00,120,Ecrit
1159,80,4,5,2025-06-12,15:00,17:00,120,TP
1160,81,1,1,2025-06-13,08:00,10:00,120,Oral
1161,82,2,2,2025-06-14,10:00,12:00,120,Ecrit
1162,83,3,3,2025-06-01,13:00,15:00,120,TP
1163,84,4,4,2025-06-02,15:00,17:00,120,Oral
1164,85,1,5,2025-06-03,08:00,10:00,120,Ecrit
1165,86,2,1,2025-06-04,10:00,12:00,120,TP
1166,87,3,2,2025-06-05,13:00,15:00,120,Oral
1167,88,4,3,2025-06-06,15:00,17:00,120,Ecrit
1168,89,1,4,2025-06-07,08:00,10:00,120,TP
1169,90,2,5,2025-06-08,10:00,12:00,120,Oral
1170,91,3,1,2025-06-09,13:00,15:00,120,Ecrit
1171,92,4,2,2025-06-10,15:00,17:00,120,TP
1172,93,1,3,2025-06-11,08:00,10:00,120,Oral
1173,94,2,4,2025-06-12,10:00,12:00,120,Ecrit
1174,95,3,5,2025-06-13,13:00,15:00,120,TP
1175,96,4,1,2025-06-14,15:00,17:00,120,Oral
1176,97,1,2,2025-06-01,08:00,10:00,120,Ecrit
1177,98,2,3,2025-06-02,10:00,12:00,120,TP
1178,99,3,4,2025-06-03,13:00,15:00,120,Oral
1179,100,4,5,2025-06-04,15:00,17:00,120,Ecrit
1180,101,1,1,2025-06-05,08:00,10:00,120,TP
1181,102,2,2,2025-06-06,10:00,12:00,120,Oral
1182,103,3,3,2025-06-07,13:00,15:00,120,Ecrit
1183,104,4,4,2025-06-08,15:00,17:00,120,TP
1184,105,1,5,2025-06-09,08:00,10:00,120,Oral
1185,106,2,1,2025-06-10,10:00,12:00,120,Ecrit
1186,107,3,2,2025-06-11,13:00,15:00,120,TP
1187,108,4,3,2025-06-12,15:00,17:00,120,Oral
1188,109,1,4,2025-06-13,08:00,10:00,120,Ecrit
1189,110,2,5,2025-06-14,10:00,12:00,120,TP
1190,111,3,1,2025-06-01,13:00,15:00,120,Oral
1191,112,4,2,2025-06-02,15:00,17:00,120,Ecrit
1192,113,1,3,2025-06-03,08:00,10:00,120,TP
1193,114,2,4,2025-06-04,10:00,12:00,120,Oral
1194,115,3,5,2025-06-05,13:00,15:00,120,Ecrit
1195,116,4,1,2025-06-06,15:00,17:00,120,TP
1196,117,1,2,2025-06-07,08:00,10:00,120,Oral
1197,118,2,3,2025-06-08,10:00,12:00,120,Ecrit
1198,119,3,4,2025-06-09,13:00,15:00,120,TP
1199,120,4,5,2025-06-10,15:00,17:00,120,Oral
1200,121,1,1,2025-06-11,08:00,10:00,120,Ecrit
1201,122,2,2,2025-06-12,10:00,12:00,120,TP
1202,123,3,3,2025-06-13,13:00,15:00,120,Oral
1203,124,4,4,2025-06-14,15:00,17:00,120,Ecrit
1204,125,1,5,2025-06-01,08:00,10:00,120,TP
1205,126,2,1,2025-06-02,10:00,12:00,120,Oral
1206,127,3,2,2025-06-03,13:00,15:00,120,Ecrit
1207,128,4,3,2025-06-04,15:00,17:00,120,TP
1208,129,1,4,2025-06-05,08:00,10:00,120,Oral
1209,130,2,5,2025-06-06,10:00,12:00,120,Ecrit
1210,131,3,1,2025-06-07,13:00,15:00,120,TP
1211,132,4,2,2025-06-08,15:00,17:00,120,Oral
1212,133,1,3,2025-06-09,08:00,10:00,120,Ecrit
1213,134,2,4,2025-06-10,10:00,12:00,120,TP
1214,135,3,5,2025-06-11,13:00,15:00,120,Oral
1215,136,4,1,2025-06-12,15:00,17:00,120,Ecrit
1216,137,1,2,2025-06-13,08:00,10:00,120,TP
1217,138,2,3,2025-06-14,10:00,12:00,120,Oral
1218,139,3,4,2025-06-01,13:00,15:00,120,Ecrit
1219,140,4,5,2025-06-02,15:00,17:00,120,TP
1220,141,1,1,2025-06-03,08:00,10:00,120,Oral
1221,142,2,2,2025-06-04,10:00,12:00,120,Ecrit
1222,143,3,3,2025-06-05,13:00,15:00,120,TP
1223,144,4,4,2025-06-06,15:00,17:00,120,Oral
1224,145,1,5,2025-06-07,08:00,10:00,120,Ecrit
1225,146,2,1,2025-06-08,10:00,12:00,120,TP
1226,147,3,2,2025-06-09,13:00,15:00,120,Oral
1227,148,4,3,2025-06-10,15:00,17:00,120,Ecrit
1228,149,1,4,2025-06-11,08:00,10:00,120,TP
1229,150,2,5,2025-06-12,10:00,12:00,120,Oral
1230,151,3,1,2025-06-13,13:00,15:00,120,Ecrit
1231,152,4,2,2025-06-14,15:00,17:00,120,TP
1232,153,1,3,2025-06-01,08:00,10:00,120,Oral
1233,154,2,4,2025-06-02,10:00,12:00,120,Ecrit
1234,155,3,5,2025-06-03,13:00,15:00,120,TP
1235,156,4,1,2025-06-04,15:00,17:00,120,Oral
1236,157,1,2,2025-06-05,08:00,10:00,120,Ecrit
1237,158,2,3,2025-06-06,10:00,12:00,120,TP
1238,159,3,4,2025-06-07,13:00,15:00,120,Oral
1239,160,4,5,2025-06-08,15:00,17:00,120,Ecrit
1240,161,1,1,2025-06-09,08:00,10:00,120,TP
1241,162,2,2,2025-06-10,10:00,12:00,120,Oral
1242,163,3,3,2025-06-11,13:00,15:00,120,Ecrit
1243,164,4,4,2025-06-12,15:00,17:00,120,TP
1244,165,1,5,2025-06-13,08:00,10:00,120,Oral
1245,166,2,1,2025-06-14,10:00,12:00,120,Ecrit
1246,167,3,2,2025-06-01,13:00,15:00,120,TP
1247,168,4,3,2025-06-02,15:00,17:00,120,Oral
1248,169,1,4,2025-06-03,08:00,10:00,120,Ecrit
1249,170,2,5,2025-06-04,10:00,12:00,120,TP
1250,171,3,1,2025-06-05,13:00,15:00,120,Oral
1251,172,4,2,2025-06-06,15:00,17:00,120,Ecrit
1252,173,1,3,2025-06-07,08:00,10:00,120,TP
1253,174,2,4,2025-06-08,10:00,12:00,120,Oral
1254,175,3,5,2025-06-09,13:00,15:00,120,Ecrit
1255,176,4,1,2025-06-10,15:00,17:00,120,TP
1256,177,1,2,2025-06-11,08:00,10:00,120,Oral
1257,178,2,3,2025-06-12,10:00,12:00,120,Ecrit
1258,179,3,4,2025-06-13,13:00,15:00,120,TP
1259,180,4,5,2025-06-14,15:00,17:00,120,Oral
1260,1,1,1,2025-06-01,08:00,10:00,120,Ecrit
1261,2,2,2,2025-06-02,10:00,12:00,120,TP
1262,3,3,3,2025-06-03,13:00,15:00,120,Oral
1263,4,4,4,2025-06-04,15:00,17:00,120,Ecrit
1264,5,1,5,2025-06-05,08:00,10:00,120,TP
1265,6,2,1,2025-06-06,10:00,12:00,120,Oral
1266,7,3,2,2025-06-07,13:00,15:00,120,Ecrit
1267,8,4,3,2025-06-08,15:00,17:00,120,TP
1268,9,1,4,2025-06-09,08:00,10:00,120,Oral
1269,10,2,5,2025-06-10,10:00,12:00,120,Ecrit
1270,11,3,1,2025-06-11,13:00,15:00,120,TP
1271,12,4,2,2025-06-12,15:00,17:00,120,Oral
1272,13,1,3,2025-06-13,08:00,10:00,120,Ecrit
1273,14,2,4,2025-06-14,10:00,12:00,120,TP
1274,15,3,5,2025-06-01,13:00,15:00,120,Oral
1275,16,4,1,2025-06-02,15:00,17:00,120,Ecrit
1276,17,1,2,2025-06-03,08:00,10:00,120,TP
1277,18,2,3,2025-06-04,10:00,12:00,120,Oral
1278,19,3,4,2025-06-05,13:00,15:00,120,Ecrit
1279,20,4,5,2025-06-06,15:00,17:00,120,TP
1280,21,1,1,2025-06-07,08:00,10:00,120,Oral
1281,22,2,2,2025-06-08,10:00,12:00,120,Ecrit
1282,23,3,3,2025-06-09,13:00,15:00,120,TP
1283,24,4,4,2025-06-10,15:00,17:00,120,Oral
1284,25,1,5,2025-06-11,08:00,10:00,120,Ecrit
1285,26,2,1,2025-06-12,10:00,12:00,120,TP
1286,27,3,2,2025-06-13,13:00,15:00,120,Oral
1287,28,4,3,2025-06-14,15:00,17:00,120,Ecrit
1288,29,1,4,2025-06-01,08:00,10:00,120,TP
1289,30,2,5,2025-06-02,10:00,12:00,120,Oral
1290,31,3,1,2025-06-03,13:00,15:00,120,Ecrit
1291,32,4,2,2025-06-04,15:00,17:00,120,TP
1292,33,1,3,2025-06-05,08:00,10:00,120,Oral
1293,34,2,4,2025-06-06,10:00,12:00,120,Ecrit
1294,35,3,5,2025-06-07,13:00,15:00,120,TP
1295,36,4,1,2025-06-08,15:00,17:00,120,Oral
1296,37,1,2,2025-06-09,08:00,10:00,120,Ecrit
1297,38,2,3,2025-06-10,10:00,12:00,120,TP
1298,39,3,4,2025-06-11,13:00,15:00,120,Oral
1299,40,4,5,2025-06-12,15:00,17:00,120,Ecrit
1300,41,1,1,2025-06-13,08:00,10:00,120,TP
1301,42,2,2,2025-06-14,10:00,12:00,120,Oral
1302,43,3,3,2025-06-01,13:00,15:00,120,Ecrit
1303,44,4,4,2025-06-02,15:00,17:00,120,TP
1304,45,1,5,2025-06-03,08:00,10:00,120,Oral
1305,46,2,1,2025-06-04,10:00,12:00,120,Ecrit
1306,47,3,2,2025-06-05,13:00,15:00,120,TP
1307,48,4,3,2025-06-06,15:00,17:00,120,Oral
1308,49,1,4,2025-06-07,08:00,10:00,120,Ecrit
1309,50,2,5,2025-06-08,10:00,12:00,120,TP
1310,51,3,1,2025-06-09,13:00,15:00,120,Oral
1311,52,4,2,2025-06-10,15:00,17:00,120,Ecrit
1312,53,1,3,2025-06-11,08:00,10:00,120,TP
1313,54,2,4,2025-06-12,10:00,12:00,120,Oral
1314,55,3,5,2025-06-13,13:00,15:00,120,Ecrit
1315,56,4,1,2025-06-14,15:00,17:00,120,TP
1316,57,1,2,2025-06-01,08:00,10:00,120,Oral
1317,58,2,3,2025-06-02,10:00,12:00,120,Ecrit
1318,59,3,4,2025-06-03,13:00,15:00,120,TP
1319,60,4,5,2025-06-04,15:00,17:00,120,Oral
1320,61,1,1,2025-06-05,08:00,10:00,120,Ecrit
1321,62,2,2,2025-06-06,10:00,12:00,120,TP
1322,63,3,3,2025-06-07,13:00,15:00,120,Oral
1323,64,4,4,2025-06-08,15:00,17:00,120,Ecrit
1324,65,1,5,2025-06-09,08:00,10:00,120,TP
1325,66,2,1,2025-06-10,10:00,12:00,120,Oral
1326,67,3,2,2025-06-11,13:00,15:00,120,Ecrit
1327,68,4,3,2025-06-12,15:00,17:00,120,TP
1328,69,1,4,2025-06-13,08:00,10:00,120,Oral
1329,70,2,5,2025-06-14,10:00,12:00,120,Ecrit
1330,71,3,1,2025-06-01,13:00,15:00,120,TP
1331,72,4,2,2025-06-02,15:00,17:00,120,Oral
1332,73,1,3,2025-06-03,08:00,10:00,120,Ecrit
1333,74,2,4,2025-06-04,10:00,12:00,120,TP
1334,75,3,5,2025-06-05,13:00,15:00,120,Oral
1335,76,4,1,2025-06-06,15:00,17:00,120,Ecrit
1336,77,1,2,2025-06-07,08:00,10:00,120,TP
1337,78,2,3,2025-06-08,10:00,12:00,120,Oral
1338,79,3,4,2025-06-09,13:00,15:00,120,Ecrit
1339,80,4,5,2025-06-10,15:00,17:00,120,TP
1340,81,1,1,2025-06-11,08:00,10:00,120,Oral
1341,82,2,2,2025-06-12,10:00,12:00,120,Ecrit
1342,83,3,3,2025-06-13,13:00,15:00,120,TP
1343,84,4,4,2025-06-14,15:00,17:00,120,Oral
1344,85,1,5,2025-06-01,08:00,10:00,120,Ecrit
1345,86,2,1,2025-06-02,10:00,12:00,120,TP
1346,87,3,2,2025-06-03,13:00,15:00,120,Oral
1347,88,4,3,2025-06-04,15:00,17:00,120,Ecrit
1348,89,1,4,2025-06-05,08:00,10:00,120,TP
1349,90,2,5,2025-06-06,10:00,12:00,120,Oral
1350,91,3,1,2025-06-07,13:00,15:00,120,Ecrit
1351,92,4,2,2025-06-08,15:00,17:00,120,TP
1352,93,1,3,2025-06-09,08:00,10:00,120,Oral
1353,94,2,4,2025-06-10,10:00,12:00,120,Ecrit
1354,95,3,5,2025-06-11,13:00,15:00,120,TP
1355,96,4,1,2025-06-12,15:00,17:00,120,Oral
1356,97,1,2,2025-06-13,08:00,10:00,120,Ecrit
1357,98,2,3,2025-06-14,10:00,12:00,120,TP
1358,99,3,4,2025-06-01,13:00,15:00,120,Oral
1359,100,4,5,2025-06-02,15:00,17:00,120,Ecrit
1360,101,1,1,2025-06-03,08:00,10:00,120,TP
1361,102,2,2,2025-06-04,10:00,12:00,120,Oral
1362,103,3,3,2025-06-05,13:00,15:00,120,Ecrit
1363,104,4,4,2025-06-06,15:00,17:00,120,TP
1364,105,1,5,2025-06-07,08:00,10:00,120,Oral
1365,106,2,1,2025-06-08,10:00,12:00,120,Ecrit
1366,107,3,2,2025-06-09,13:00,15:00,120,TP
1367,108,4,3,2025-06-10,15:00,17:00,120,Oral
1368,109,1,4,2025-06-11,08:00,10:00,120,Ecrit
1369,110,2,5,2025-06-12,10:00,12:00,120,TP
1370,111,3,1,2025-06-13,13:00,15:00,120,Oral
1371,112,4,2,2025-06-14,15:00,17:00,120,Ecrit
1372,113,1,3,2025-06-01,08:00,10:00,120,TP
1373,114,2,4,2025-06-02,10:00,12:00,120,Oral
1374,115,3,5,2025-06-03,13:00,15:00,120,Ecrit
1375,116,4,1,2025-06-04,15:00,17:00,120,TP
1376,117,1,2,2025-06-05,08:00,10:00,120,Oral
1377,118,2,3,2025-06-06,10:00,12:00,120,Ecrit
1378,119,3,4,2025-06-07,13:00,15:00,120,TP
1379,120,4,5,2025-06-08,15:00,17:00,120,Oral
1380,121,1,1,2025-06-09,08:00,10:00,120,Ecrit
1381,122,2,2,2025-06-10,10:00,12:00,120,TP
1382,123,3,3,2025-06-11,13:00,15:00,120,Oral
1383,124,4,4,2025-06-12,15:00,17:00,120,Ecrit
1384,125,1,5,2025-06-13,08:00,10:00,120,TP
1385,126,2,1,2025-06-14,10:00,12:00,120,Oral
1386,127,3,2,2025-06-01,13:00,15:00,120,Ecrit
1387,128,4,3,2025-06-02,15:00,17:00,120,TP
1388,129,1,4,2025-06-03,08:00,10:00,120,Oral
1389,130,2,5,2025-06-04,10:00,12:00,120,Ecrit
1390,131,3,1,2025-06-05,13:00,15:00,120,TP
1391,132,4,2,2025-06-06,15:00,17:00,120,Oral
1392,133,1,3,2025-06-07,08:00,10:00,120,Ecrit
1393,134,2,4,2025-06-08,10:00,12:00,120,TP
1394,135,3,5,2025-06-09,13:00,15:00,120,Oral
1395,136,4,1,2025-06-10,15:00,17:00,120,Ecrit
1396,137,1,2,2025-06-11,08:00,10:00,120,TP
1397,138,2,3,2025-06-12,10:00,12:00,120,Oral
1398,139,3,4,2025-06-13,13:00,15:00,120,Ecrit
1399,140,4,5,2025-06-14,15:00,17:00,120,TP
1400,141,1,1,2025-06-01,08:00,10:00,120,Oral
1401,142,2,2,2025-06-02,10:00,12:00,120,Ecrit
1402,143,3,3,2025-06-03,13:00,15:00,120,TP
1403,144,4,4,2025-06-04,15:00,17:00,120,Oral
1404,145,1,5,2025-06-05,08:00,10:00,120,Ecrit
1405,146,2,1,2025-06-06,10:00,12:00,120,TP
1406,147,3,2,2025-06-07,13:00,15:00,120,Oral
1407,148,4,3,2025-06-08,15:00,17:00,120,Ecrit
1408,149,1,4,2025-06-09,08:00,10:00,120,TP
1409,150,2,5,2025-06-10,10:00,12:00,120,Oral
1410,151,3,1,2025-06-11,13:00,15:00,120,Ecrit
1411,152,4,2,2025-06-12,15:00,17:00,120,TP
1412,153,1,3,2025-06-13,08:00,10:00,120,Oral
1413,154,2,4,2025-06-14,10:00,12:00,120,Ecrit
1414,155,3,5,2025-06-01,13:00,15:00,120,TP
1415,156,4,1,2025-06-02,15:00,17:00,120,Oral
1416,157,1,2,2025-06-03,08:00,10:00,120,Ecrit
1417,158,2,3,2025-06-04,10:00,12:00,120,TP
1418,159,3,4,2025-06-05,13:00,15:00,120,Oral
1419,160,4,5,2025-06-06,15:00,17:00,120,Ecrit
1420,161,1,1,2025-06-07,08:00,10:00,120,TP
1421,162,2,2,2025-06-08,10:00,12:00,120,Oral
1422,163,3,3,2025-06-09,13:00,15:00,120,Ecrit
1423,164,4,4,2025-06-10,15:00,17:00,120,TP
1424,165,1,5,2025-06-11,08:00,10:00,120,Oral
1425,166,2,1,2025-06-12,10:00,12:00,120,Ecrit
1426,167,3,2,2025-06-13,13:00,15:00,120,TP
1427,168,4,3,2025-06-14,15:00,17:00,120,Oral
1428,169,1,4,2025-06-01,08:00,10:00,120,Ecrit
1429,170,2,5,2025-06-02,10:00,12:00,120,TP
1430,171,3,1,2025-06-03,13:00,15:00,120,Oral
1431,172,4,2,2025-06-04,15:00,17:00,120,Ecrit
1432,173,1,3,2025-06-05,08:00,10:00,120,TP
1433,174,2,4,2025-06-06,10:00,12:00,120,Oral
1434,175,3,5,2025-06-07,13:00,15:00,120,Ecrit
1435,176,4,1,2025-06-08,15:00,17:00,120,TP
1436,177,1,2,2025-06-09,08:00,10:00,120,Oral
1437,178,2,3,2025-06-10,10:00,12:00,120,Ecrit
1438,179,3,4,2025-06-11,13:00,15:00,120,TP
1439,180,4,5,2025-06-12,15:00,17:00,120,Oral
1440,1,1,1,2025-06-13,08:00,10:00,120,Ecrit
1441,2,2,2,2025-06-14,10:00,12:00,120,TP
1442,3,3,3,2025-06-01,13:00,15:00,120,Oral
1443,4,4,4,2025-06-02,15:00,17:00,120,Ecrit
1444,5,1,5,2025-06-03,08:00,10:00,120,TP
1445,6,2,1,2025-06-04,10:00,12:00,120,Oral
1446,7,3,2,2025-06-05,13:00,15:00,120,Ecrit
1447,8,4,3,2025-06-06,15:00,17:00,120,TP
1448,9,1,4,2025-06-07,08:00,10:00,120,Oral
1449,10,2,5,2025-06-08,10:00,12:00,120,Ecrit
1450,11,3,1,2025-06-09,13:00,15:00,120,TP
1451,12,4,2,2025-06-10,15:00,17:00,120,Oral
1452,13,1,3,2025-06-11,08:00,10:00,120,Ecrit
1453,14,2,4,2025-06-12,10:00,12:00,120,TP
1454,15,3,5,2025-06-13,13:00,15:00,120,Oral
1455,16,4,1,2025-06-14,15:00,17:00,120,Ecrit
1456,17,1,2,2025-06-01,08:00,10:00,120,TP
1457,18,2,3,2025-06-02,10:00,12:00,120,Oral
1458,19,3,4,2025-06-03,13:00,15:00,120,Ecrit
1459,20,4,5,2025-06-04,15:00,17:00,120,TP
1460,21,1,1,2025-06-05,08:00,10:00,120,Oral
1461,22,2,2,2025-06-06,10:00,12:00,120,Ecrit
1462,23,3,3,2025-06-07,13:00,15:00,120,TP
1463,24,4,4,2025-06-08,15:00,17:00,120,Oral
1464,25,1,5,2025-06-09,08:00,10:00,120,Ecrit
1465,26,2,1,2025-06-10,10:00,12:00,120,TP
1466,27,3,2,2025-06-11,13:00,15:00,120,Oral
1467,28,4,3,2025-06-12,15:00,17:00,120,Ecrit
1468,29,1,4,2025-06-13,08:00,10:00,120,TP
1469,30,2,5,2025-06-14,10:00,12:00,120,Oral
1470,31,3,1,2025-06-01,13:00,15:00,120,Ecrit
1471,32,4,2,2025-06-02,15:00,17:00,120,TP
1472,33,1,3,2025-06-03,08:00,10:00,120,Oral
1473,34,2,4,2025-06-04,10:00,12:00,120,Ecrit
1474,35,3,5,2025-06-05,13:00,15:00,120,TP
1475,36,4,1,2025-06-06,15:00,17:00,120,Oral
1476,37,1,2,2025-06-07,08:00,10:00,120,Ecrit
1477,38,2,3,2025-06-08,10:00,12:00,120,TP
1478,39,3,4,2025-06-09,13:00,15:00,120,Oral
1479,40,4,5,2025-06-10,15:00,17:00,120,Ecrit
1480,41,1,1,2025-06-11,08:00,10:00,120,TP
1481,42,2,2,2025-06-12,10:00,12:00,120,Oral
1482,43,3,3,2025-06-13,13:00,15:00,120,Ecrit
1483,44,4,4,2025-06-14,15:00,17:00,120,TP
1484,45,1,5,2025-06-01,08:00,10:00,120,Oral
1485,46,2,1,2025-06-02,10:00,12:00,120,Ecrit
1486,47,3,2,2025-06-03,13:00,15:00,120,TP
1487,48,4,3,2025-06-04,15:00,17:00,120,Oral
1488,49,1,4,2025-06-05,08:00,10:00,120,Ecrit
1489,50,2,5,2025-06-06,10:00,12:00,120,TP
1490,51,3,1,2025-06-07,13:00,15:00,120,Oral
1491,52,4,2,2025-06-08,15:00,17:00,120,Ecrit
1492,53,1,3,2025-06-09,08:00,10:00,120,TP
1493,54,2,4,2025-06-10,10:00,12:00,120,Oral
1494,55,3,5,2025-06-11,13:00,15:00,120,Ecrit
1495,56,4,1,2025-06-12,15:00,17:00,120,TP
1496,57,1,2,2025-06-13,08:00,10:00,120,Oral
1497,58,2,3,2025-06-14,10:00,12:00,120,Ecrit
1498,59,3,4,2025-06-01,13:00,15:00,120,TP
1499,60,4,5,2025-06-02,15:00,17:00,120,Oral
1500,61,1,1,2025-06-03,08:00,10:00,120,Ecrit